1828605824,
352849721,
3072922792,
2894728389,
2470364744,
2025490791,
636047372,
140743923,
1306912794,
13945136,
1136992518,
3293575860,
2052867265,
1225231106,
3506045550,
1753585261,
3498849008,
3977317396,
3490365057,
3524181076,
1411533635,
1961946356,
3657622067,
2896317351,
3442848687,
1676666832,
3726426641,
3127455243,
2753832329,
3337797464,
1356385867,
300714440,
2859469416,
175108373,
1573189902,
201139801,
3433998972,
2363742284,
333059122,
1589353778,
1749232713,
587661924,
934054209,
1052394903,
3633395335,
322324396,
518921085,
163861768,
26719476,
3637308615,
797248520,
1822117771,
2712512088,
2183663340,
4261378909,
2043328564,
3301149211,
1290634832,
1595660669,
3984658585,
960024141,
69512568,
1754057444,
37431267,
2511023152,
2679918010,
1718076002,
2332633097,
915533324,
455188157,
2208509966,
3602292227,
362063011,
3310824320,
3427216424,
1918762096,
288071477,
3847211639,
2687262055,
3873167789,
2038091880,
3003509540,
25784581,
2044997706,
636685534,
466857992,
695304774,
2454712520,
3938562019,
238261761,
3460634877,
606579770,
2865428730,
3661713865,
2867867536,
782394977,
4115141697,
1442251737,
1135342981,
2661713913,
3774702987,
2270677569,
1558446724,
343150104,
458383875,
121924487,
1779037886,
2314361071,
1142103798,
2277619193,
1923530102,
4073021045,
4257389911,
3512913277,
1181121520,
3441442863,
1773352052,
2527162982,
3363442759,
4146739774,
2981975256,
3004192124,
1955924534,
126679216,
4150971457,
2760111083,
626775821,
3415100018,
1647460355,
1357520046,
1281059397,
1545946196,
2968264009,
709425188,
2904127433,
1655368950,
526546577,
2586521442,
2667002584,
2330360445,
3494130737,
2924739363,
2438002853,
800988316,
409142526,
4061812569,
1242018956,
976557403,
929277847,
817045171,
669528485,
4074906397,
339635024,
453664549,
1910151272,
3300757473,
281795168,
3765222448,
1190993291,
2890495689,
2536733119,
2764680171,
2803651878,
3890296323,
3429962457,
222671326,
3410397570,
316948646,
391539702,
3666692160,
1965500531,
1071409579,
4089685322,
2340691671,
1023974147,
1061728637,
2471522172,
3208381337,
315892061,
2168695196,
1351028393,
437321876,
1099619887,
3757556621,
2152231472,
2792609518,
3465972450,
4061727013,
1496750045,
997356876,
1103031902,
3969347711,
3411966753,
2400008543,
3090788458,
401023576,
3634288960,
4023087206,
1206114953,
1507446037,
3707274830,
934983703,
30578505,
4272653710,
2866279989,
1716680356,
444542575,
467979543,
1896199861,
1418769697,
3899994013,
1148413564,
572855891,
3868891692,
2674096522,
1244806265,
2757201422,
2400181782,
1208068433,
1204352055,
694840201,
3260955856,
1036747105,
1679356489,
373674825,
1766479388,
1613045450,
2165272924,
534135572,
3537236366,
4033936128,
2548734032,
3496088569,
249173732,
1375397636,
600545125,
2253008254,
897660014,
1131130837,
2309527602,
903518773,
2418332800,
1380903076,
295869976,
3617297181,
1442933587,
2421248384,
1006124054,
133325049,
2285169232,
132588263,
2272422670,
3445527933,
732930611,
464804236,
2113277116,
2270437473,
3923884947,
3913635112,
1591309902,
828240919,
2857996867,
691413363,
2185334186,
3046883586,
1409698407,
600103321,
2726524943,
2132827576,
4287079268,
4217904098,
3145179660,
435524776,
4220565619,
1953204384,
2154967199,
4151875344,
1632096872,
1887526484,
615365171,
1278462748,
2961748859,
34183896,
2727325271,
294457477,
4235230092,
2972071451,
2944211491,
3354591368,
573536273,
3319687722,
1419918892,
3568283770,
520338737,
218995665,
1156723926,
583741835,
554785110,
1844332884,
2310284651,
881784875,
508837335,
1643807024,
3660287243,
3027553253,
2986264113,
3534044999,
1977928712,
708813231,
3160272526,
1227906137,
1637741092,
4134367652,
3576053457,
2399508367,
3693812449,
963377278,
2955147372,
144499752,
3612747101,
1202132816,
2236277466,
3400142360,
71578875,
2973794650,
1640217954,
2576752905,
575730555,
244831829,
2076356283,
231761777,
219614157,
646520105,
509847800,
1003427840,
2641084359,
3740786119,
1601776464,
2336285218,
38353285,
2472627219,
2390084412,
489943621,
1995539147,
998364058,
1713574200,
1134442530,
1832179850,
3417757054,
3743207916,
3651687992,
3643934219,
1899393818,
3272402873,
1511621094,
2554343968,
185101773,
2480932230,
160176715,
3476270670,
2400838360,
1836431016,
2521760026,
2591993495,
2053549220,
3677242905,
2839960034,
1674391134,
352595708,
2613783691,
2941834795,
782558252,
2934642949,
4203155102,
1360653651,
2874505640,
1261849937,
626489432,
4019890093,
2373074910,
3082157157,
2630969798,
2477619325,
352776370,
1278890395,
1203452540,
954903408,
1079623122,
311682660,
1834530572,
2099906169,
783277990,
2094661828,
322513951,
1749201448,
1550308172,
1338979695,
1678806402,
2526688266,
3319135673,
1564552043,
2574945167,
3803945626,
2332183968,
3691351754,
2652331907,
583304458,
2841862506,
3703991604,
3519550284,
1921290279,
3345790325,
2455349516,
1085050073,
2338476810,
1780339898,
4113613416,
1852220527,
2292642635,
1764088353,
3788963179,
3058473514,
2492311913,
1148200997,
1973905015,
1159575190,
2153739434,
284757771,
3574711337,
1884119121,
3113040745,
1883273888,
2887077720,
2145628136,
2387244609,
3227643679,
4165651483,
2053298808,
2353185323,
1615292423,
346742013,
3621108530,
4267573272,
706133492,
1336889997,
2063891803,
2076928153,
4151259814,
2442094732,
1212737723,
978439538,
804272875,
2950069858,
3880076161,
2231462209,
3326924367,
1164062255,
61457105,
609806924,
2613935522,
2064076128,
3404298599,
3712373773,
2877642061,
1393786290,
1292353047,
2326305906,
2543216588,
2987693679,
153277080,
1880338065,
3725127880,
4210689083,
2561940003,
4102507288,
2869223698,
2383275096,
991417549,
392530047,
3057371233,
23152688,
2266884674,
3949413181,
1272585267,
2587368736,
3142856060,
1162430390,
1545679741,
488454268,
4053446429,
3683803192,
2910342191,
3983904607,
2023707755,
3656966053,
3363505434,
2429018406,
916666036,
3542040120,
2890695867,
565920857,
1209428845,
1425349647,
1092055700,
193562709,
2894765229,
4196157750,
1745356396,
2473495804,
1359343190,
3081202774,
476243193,
2820720363,
2425355165,
3285100317,
1597950585,
1785875068,
4002124885,
1085023869,
2416771378,
759845435,
521221017,
1589051916,
1617765152,
815837409,
3659711325,
1460826115,
3470564309,
2397938144,
1874836087,
2226191687,
2633240864,
3041683524,
2993879531,
621036093,
1199396788,
550002532,
1092476795,
3462467271,
49448313,
4158730682,
537750738,
1289824922,
2208658439,
2101628965,
4170030922,
448459548,
1904551477,
498571015,
4036866927,
3846844498,
2057216876,
582918598,
1824013331,
3460505287,
437764800,
432937175,
486332761,
2896927347,
2313275430,
1421523278,
3584864304,
3488694842,
1215460989,
1727555874,
3881041254,
3448731674,
2071765596,
1190121542,
446395494,
1221705523,
1067793055,
3449025106,
156478031,
3061435541,
508822495,
1367354324,
2903336308,
2523545906,
3034772985,
132131994,
126145301,
1248290728,
169557573,
207462046,
3055079618,
2338096059,
4043413378,
87297154,
1141706846,
3119368098,
1548796365,
2329896110,
1417902142,
1012281924,
1173594253,
2411921533,
2689406804,
2841059763,
2962141534,
3000294985,
3157513549,
1123019872,
2246641692,
1203585213,
2372880756,
2638372903,
3921208425,
2552439102,
447549595,
3432442502,
1315411790,
1238439799,
565684673,
2863337168,
2108847531,
642273147,
1969568672,
2124725623,
3113111653,
1965444491,
3821288047,
324155210,
4165436423,
1091142014,
282413445,
1077564935,
2473632007,
2804628519,
1053436223,
1405839907,
1114937272,
2477404056,
3778951425,
1958640483,
2070647,
4062652167,
467100855,
1256203327,
3214530103,
3004903781,
3986084946,
2632624454,
692060307,
2942113112,
2956226324,
3541445255,
1372557511,
1328953707,
196893001,
2024782563,
3824733330,
1835446118,
4038124668,
1529073669,
1766152815,
4053123917,
3414121925,
3660688404,
2404291118,
2929858363,
1373031252,
3208151594,
222657894,
445564215,
389216312,
2807520473,
3753791084,
1854925760,
2585399537,
2895396589,
4049607212,
807498200,
922623746,
4214690316,
4062638818,
1678190275,
1032649418,
3660744215,
1635643196,
228139500,
3462145556,
605598797,
1281529521,
1639095670,
3600314197,
917305704,
2216966308,
3689329424,
1487259772,
1868126555,
1289040996,
358751162,
112248658,
978459138,
3028417798,
1477273849,
439309607,
3853479997,
2556661346,
2763893801,
1539512068,
2226095185,
1604765677,
2770336554,
1888179722,
902036289,
2839730422,
87339089,
2600507203,
3123827774,
700732060,
2010843588,
3776805159,
3399534713,
266259734,
3971850848,
786220028,
3264891642,
3525010944,
639518494,
1354088364,
3319154698,
3075938570,
2445022802,
2900655493,
1290022401,
811690052,
2265449390,
777826317,
4024985128,
2014999936,
381335677,
3130892838,
2979960202,
3776215895,
1446418228,
3554235431,
2076767668,
3490097528,
1095313446,
1025635344,
33595992,
3327649731,
511728506,
1446205601,
2312618098,
1123280739,
3804818514,
226322736,
158797584,
1325235039,
3885120945,
3715585801,
1897478915,
2575538034,
853348447,
3126128872,
3428356171,
1042244768,
1227976325,
3021353017,
2366349610,
439574693,
1310686497,
2987356235,
1775997764,
337564573,
2138387849,
4175103635,
3585147921,
1819506113,
2302031986,
720741303,
490960411,
1663832009,
1210955474,
2507671558,
2265730093,
3079677234,
1745231875,
1263870483,
3023956134,
3824294227,
2529451656,
1103288618,
3209218395,
2309208412,
3076187716,
3792780435,
4063621237,
2233328196,
2845081036,
3968542142,
331334999,
473293664,
3195106886,
2918309942,
2942660376,
1556316688,
4280399702,
2118276642,
580824362,
656236964,
4270927668,
2872405654,
3684280835,
910672155,
768855994,
1323693564,
3086188179,
713475285,
2870721288,
1482981891,
3904538321,
2474396162,
3873044916,
995041383,
4186423641,
469982465,
526142489,
2552911623,
1711292784,
165848699,
2125581284,
4257122236,
1647171239,
932113078,
4040639832,
4163569243,
75444509,
2912805699,
2105527819,
137761650,
3737895846,
1073436651,
2164322113,
761211742,
3709980758,
363383290,
2245666182,
2822061532,
2299691339,
1036337880,
464386431,
3065405801,
2676569461,
764590494,
682256199,
2094034520,
3281529242,
3136716444,
1766846454,
1235651787,
188151584,
517402957,
3419466509,
4155841653,
2669369898,
2186970661,
2286169700,
410367972,
2079170774,
1224830916,
2470600895,
2531326012,
2948806470,
478644464,
448704618,
3795043354,
572524619,
1841919906,
4198224518,
2604800968,
2313861832,
2331345250,
102279324,
1678034963,
4170726079,
87389018,
3602025007,
598588735,
706797415,
2221929532,
3624940285,
533649642,
2941456795,
1247305886,
1444705130,
3739099629,
1732683022,
2210384555,
2713326970,
2954589376,
2004617788,
614108406,
996725796,
793643303,
1231239758,
960320233,
2214307825,
164032242,
1835002813,
2466346760,
1010942096,
2984769147,
2295905020,
4286560617,
1302160612,
1802609112,
919719436,
105714728,
3432422959,
2348123487,
1996220192,
1729972596,
2279913460,
230984964,
1993367911,
1729820690,
479071308,
548924485,
2072074064,
3591381855,
3889639452,
2063845662,
1334005761,
746001865,
3290185933,
4176716702,
1595542533,
4053042547,
3527358652,
446151793,
1577436479,
2076454492,
90348587,
762854159,
2507723759,
2338384407,
2802500167,
2149768769,
949140912,
2773831716,
551832876,
3260738072,
3556483411,
2548838685,
3532086027,
2496167487,
3697460563,
973475995,
1063828908,
1655876234,
4096946361,
2025336842,
2715343519,
1712892102,
3448483379,
1243701554,
353323074,
1831876943,
563109748,
294614819,
1389546064,
2223050827,
2609255654,
1412520652,
1266391520,
2110177560,
2265562362,
1417186407,
912349826,
1512746984,
3055777774,
1505321269,
2960971582,
445222047,
133125390,
3973052217,
2407150898,
1221572289,
3853802560,
811461788,
3110266567,
2974820037,
3088327710,
765583786,
2235027875,
2337956929,
1335343139,
1848629884,
3526151641,
1681300554,
3931212056,
1345724765,
2957921478,
3795705966,
678741269,
1485113003,
1038972335,
1280200341,
1352275300,
641690847,
2985111265,
1767247245,
2494550250,
624849677,
3109055422,
2402953274,
4089670036,
430486180,
4058634879,
2524322365,
802583332,
832410144,
3332986891,
1260114562,
2844758241,
1162444480,
2827226219,
3547141597,
2136388478,
1506896577,
2830412819,
2673166802,
2422440960,
1030697252,
460103228,
4248446645,
988293189,
1711262391,
3783155333,
1351015537,
3292831334,
3430009166,
307923478,
3239092245,
788169049,
1104435571,
1314816796,
2325230745,
1629208652,
972011937,
3555768231,
502288670,
4059330469,
1730371367,
2403251318,
2635129708,
566198258,
1280730234,
557855325,
3570959752,
2574611779,
1569220654,
1687820316,
3422675990,
237529119,
1375451711,
1811963001,
1441489733,
1620247672,
122609892,
3950802332,
528693626,
776009922,
2451096114,
2606929634,
208732482,
2689562998,
945187242,
1489795294,
93205925,
2977089116,
4292749400,
1917814677,
1268650282,
2049028113,
61478146,
535397022,
3222074923,
2288882034,
2918409473,
450301703,
4082764185,
3640544921,
178267844,
2542347894,
4228717723,
2026975403,
4094448208,
1026471783,
2888293718,
221009317,
1448162834,
3721636161,
1577991761,
4288985708,
649354542,
1148022812,
1421479567,
243741712,
2691543355,
2006453875,
124640009,
1118062213,
1752000958,
162371602,
3018686853,
1761235278,
3081863894,
1226610580,
130027153,
3657543463,
2603917181,
4262766159,
3943028890,
214560121,
1630399060,
3457703941,
1867409954,
1876615204,
2442969218,
4058341308,
1117474309,
1209706466,
3091992189,
2746403270,
2224036991,
1171196635,
2819420042,
1540053417,
1036471079,
4264653770,
2280404345,
97140499,
4087575503,
1526738808,
2079868969,
1137800710,
3069053274,
2070715953,
1773496316,
2177022576,
626479929,
1755995803,
690312491,
640845132,
3217411011,
3316156285,
170392182,
753425105,
602931302,
2789327047,
3137485478,
936676116,
168658663,
1860103515,
1557580440,
1067747906,
2995414406,
3788298938,
453654412,
991818756,
4244223322,
2797720282,
1499064608,
1261758610,
1478027712,
2826262135,
953153389,
1304354404,
420151112,
3176571032,
2491978488,
3604805940,
3441561354,
1815798098,
449698390,
267249773,
928395906,
3751403162,
775453198,
2950409773,
364777799,
2774073409,
2759058961,
1649299835,
2288457205,
1549173558,
1355709794,
685258235,
2713296105,
720125183,
2307264022,
1160846654,
239247683,
3546563886,
1092723080,
2618793037,
355284009,
3233657370,
2385846861,
2079507738,
4205917580,
736280000,
255431829,
1000230293,
476093026,
1532338540,
3213499265,
1893901878,
588434716,
3350423595,
3713463775,
1968927305,
1646378708,
2318454791,
1709908107,
2193851540,
1224939362,
4283305781,
3142091614,
389633679,
3904396875,
364392024,
1144412065,
3104213717,
1427746141,
538112467,
975036912,
1299163731,
1546951092,
1203841910,
1449622844,
2050268982,
3239674867,
2243950802,
3958388422,
2741432508,
3458012791,
1297582392,
635053737,
1934451620,
597022145,
738792540,
1040997335,
4174269797,
1435009328,
3890564169,
1569387044,
2167773418,
2971425584,
59622799,
1659726801,
739999941,
66812086,
2022243311,
1985622614,
935466027,
2867875562,
1896700863,
26971155,
1392717284,
3065433608,
2388597283,
628543435,
1445706131,
3250537375,
3031234286,
2213076806,
3443771787,
2990586672,
1513927622,
2550608730,
2292597525,
343990205,
316524342,
697273199,
791709675,
1138176628,
1248230964,
1041103255,
47112025,
1172137542,
782977778,
1525776015,
410111262,
3583654122,
1602058480,
605660772,
3837616776,
3404470256,
1350514182,
1261847564,
4234336337,
2726770582,
1527854640,
3239039545,
1612602161,
3438411920,
59974996,
2135042132,
106796637,
1427819387,
3947773459,
2269412579,
3662504675,
1715047692,
2908590959,
1009778340,
3620028580,
2246094881,
1728336980,
1807311861,
3307701587,
1379462050,
3125773764,
3625423378,
2842159676,
1760434019,
1980934152,
1704061185,
2486517677,
4154282108,
1205805351,
817904090,
2601336519,
1851419665,
635488958,
2715072775,
1664848778,
521869722,
623164553,
2005261353,
1210377180,
2099610464,
4251046014,
890942740,
309380243,
2384309772,
1296250565,
1889594023,
448108206,
1931786806,
3696350060,
552078782,
3878784837,
2210837785,
1121131038,
4099424946,
256178561,
1005884466,
628495673,
1503532473,
3467837606,
873637729,
786440193,
2487824994,
3597924958,
1868666338,
1827523590,
1403437606,
2758813813,
3507166590,
358125772,
2510095090,
3296383117,
4280893448,
3041247842,
3438414192,
709851088,
4131149316,
3087929407,
3092454188,
1204730478,
45458370,
2477048412,
171328550,
826276616,
1547610331,
2780898116,
2459106056,
2786929252,
1988733719,
835348262,
3443717282,
443196412,
125183653,
2939161468,
2173244256,
4263507547,
2530176608,
880653722,
637072774,
4213998252,
1082200757,
1463913495,
3054672463,
2360854828,
3762769210,
822207912,
4031869007,
169104481,
3111542274,
3260804491,
1066288376,
379601162,
2552924416,
746205673,
4004984083,
3012014062,
63307498,
2752354321,
2212065585,
3032793366,
264887107,
3031003578,
3072967081,
856622514,
337293349,
283111052,
2545668133,
418035828,
1170636047,
1717178919,
1442968786,
3406242101,
880791076,
1871062441,
3408657389,
1497975331,
2612126018,
3152229710,
2800063456,
226792748,
1074628647,
1522738246,
2802773118,
1537241126,
1724263421,
3247212582,
2457594591,
3983793197,
2147044385,
2854882344,
1976383431,
3693426440,
4197772439,
450325677,
1440288619,
3070289976,
3295175246,
1879814428,
3134243900,
1102118204,
302955036,
3195613823,
1425876618,
3939258588,
3379669610,
1022185742,
949596659,
1699446995,
1232328913,
1613564229,
1638715578,
340787134,
1360315544,
2503109652,
532423117,
1077397603,
2596693454,
3748670547,
3379598472,
2521284665,
2082477950,
757566616,
2921826085,
2324974014,
450778068,
2875555580,
885211136,
4247244134,
3102822521,
144986077,
3440510818,
205521148,
2948560840,
2050149621,
1923374669,
88605724,
3269880136,
1330001568,
4027169897,
3433731658,
1509408090,
372824653,
552490487,
2114142483,
435927143,
1199721618,
3861459392,
3084857470,
1881081619,
3811405118,
2537693338,
3455633613,
4261551950,
1383008297,
3295809022,
759691839,
2166281383,
3368070473,
2900859437,
1796525423,
2119785839,
2754868452,
3248921050,
339576406,
3536248377,
3738472604,
487678653,
3921528013,
3012680232,
4022644840,
2232231239,
3902511218,
1920242464,
1090292518,
646621301,
957967774,
1926310266,
3552100779,
535247614,
1619223925,
1778102651,
938829870,
1678372248,
865972728,
2831197362,
2859328820,
4174799108,
3226924530,
642212893,
571662375,
1517569988,
2241860455,
1729897257,
214827287,
1582977846,
2373261847,
2685447975,
3050959872,
883248556,
2491024563,
3240645168,
2651381923,
530624370,
64357714,
610239963,
535566698,
1588808152,
3886850756,
3948558083,
3878397192,
322083538,
741182929,
4105262674,
3300640918,
2422056820,
3051195647,
1629973596,
3452399958,
2851683906,
3088723204,
749535232,
161443998,
3936328829,
1898977087,
2667734107,
1079260676,
566359999,
2040752419,
2693513091,
1395323270,
4253144307,
2294279240,
3054581100,
2584658144,
1600823749,
710412946,
1408518356,
3620737691,
1236584418,
3014160255,
2510566949,
235469106,
272430444,
304998409,
2605071794,
2250442038,
1916889100,
150978030,
3055576382,
2745596346,
1484374028,
294606136,
1734481439,
2162067306,
3006650506,
2297453295,
138226383,
2083502692,
3914847312,
1465093700,
2895656063,
3238206922,
1402386074,
447796955,
1882443851,
420339023,
1119690284,
1523272813,
3609734729,
2138793120,
2628486684,
1981505182,
2598254120,
3630818530,
1628067588,
3880749548,
1502105444,
2870878410,
197119202,
1322992471,
1380934314,
227675673,
1505678334,
269754567,
516230156,
2189571408,
2578234823,
3498002727,
3271391741,
2966718336,
1059650528,
3973420299,
1289492088,
922131936,
3886130283,
3272336071,
524033361,
478503245,
4110846657,
1174392058,
2446959961,
638903035,
2958646922,
2544050132,
2621570998,
2697849408,
2039336966,
2584317807,
4256051814,
256377374,
1406402926,
1681887744,
2563630015,
368728910,
1787880316,
1655678864,
3003267463,
255633383,
3586972113,
2354749317,
3437292278,
1407006689,
4223875418,
2872395649,
97357664,
810764931,
550066777,
4014633618,
1318266371,
1647644499,
125658264,
1450565385,
1492059684,
3543614967,
3568549932,
400410493,
2064755728,
2568589708,
1536865649,
3769723396,
963461416,
3967134207,
579084914,
3984240710,
2841015169,
301310941,
1531188839,
3834040857,
526511402,
4040704227,
1030653729,
3410990453,
2997448821,
1546378948,
250039532,
1921120462,
1099871910,
279480714,
3596443728,
2943224673,
1196118870,
4114177400,
3703804462,
3949972569,
3719020734,
595057893,
1405499179,
2779575346,
1775807668,
441822863,
3793956926,
2133532309,
1809952908,
82567675,
3309656883,
1497872459,
1313902174,
4223646074,
2240519428,
3165365350,
2756304374,
2550602354,
3391145398,
3587860776,
200313701,
3758714255,
1531520081,
54647827,
723516550,
2653051445,
364489500,
2394331826,
2371257218,
1767802931,
996797452,
2205836954,
2824211682,
442652839,
3793072718,
3655771010,
3763916397,
238640586,
1498876982,
77311129,
2471030931,
3872922555,
1682647379,
2214384412,
396592733,
2596932365,
1714004555,
2053453574,
1651276261,
2927807555,
1406360133,
3866941031,
2358833674,
2004889633,
3575556836,
3900211706,
2004524408,
2182194251,
3577255283,
1387716260,
342070208,
2598775611,
4006310548,
1533373759,
880530342,
50479205,
2960413881,
494744147,
3730484008,
2737463217,
3864637928,
446664278,
3966467653,
2720007365,
1891474284,
3729976720,
3409420585,
511023317,
809307183,
2601997832,
1953405043,
3036548831,
572980561,
1386036884,
4126135972,
3236583840,
949228370,
3346130179,
239073394,
1813673377,
1819134838,
1996882982,
3445546704,
3568600658,
3933344919,
1579032064,
2487137593,
2773704237,
1213798320,
3322574669,
2440225469,
4150083830,
1326688594,
3162957214,
3177620233,
3269427156,
3801179742,
172856838,
1314217577,
2122326198,
2370273725,
1428840308,
1788473052,
2922791208,
3752234091,
2630102385,
3241900158,
1372976464,
1405139134,
3956907340,
303701650,
3198225104,
747430523,
1908446032,
228506451,
2283414867,
2012159380,
4079133286,
2322890804,
2326988237,
466994162,
371611319,
371137559,
1544611426,
84506951,
3929007847,
1987957775,
1975021656,
3695435718,
4207173280,
2054678856,
414369190,
1255906421,
544252973,
1360043708,
1004445490,
584725525,
2582238813,
2021614732,
2782341078,
4178068763,
2795393014,
225155349,
587944572,
30584380,
1855014194,
1859067564,
14867018,
2322612435,
3526207740,
462838615,
2830231404,
3154476817,
3383965991,
4089909698,
233154185,
2372819014,
2309227886,
1917465662,
2253905523,
3726985816,
2540755823,
1884589076,
268329293,
1492222375,
3026629480,
2543087224,
242172209,
1373668991,
2156256871,
2658398579,
2963202731,
3569876252,
2208481577,
2801194016,
3552839180,
1465942353,
366979290,
717724993,
1765933920,
2727864407,
463366597,
1844164785,
2444117237,
2221735456,
4808491,
70376535,
894202382,
1218103132,
1536595721,
1032704336,
2104017727,
1038745755,
778462804,
1982565624,
2474128462,
2366444223,
2151772012,
2575497741,
4008654400,
1525708834,
1020195504,
2281484733,
3447879614,
3300644948,
3519859810,
3983874064,
747398213,
118711815,
1823446538,
3629216808,
926249097,
3687946430,
1369436044,
2656056326,
1615132365,
2461481510,
3858364163,
3568041275,
273612987,
589568020,
1514521603,
2601840384,
1784917700,
519864215,
2668485038,
3072180614,
3158318413,
3677654131,
923759293,
691571126,
1280164398,
3130064819,
2228358080,
788583969,
1628402850,
3018777713,
3514517386,
1272864334,
1188147840,
1543120271,
793905560,
1094567973,
3033754630,
1389657393,
3067743110,
3468416522,
544152604,
3247832216,
751985942,
502687074,
1860076481,
3543130589,
1704641010,
2452953910,
895595229,
1598952264,
1333815933,
1151286414,
392376079,
2903159493,
4192930904,
72994104,
464106230,
1442780498,
1118326401,
1707214417,
919806437,
3244286303,
2205974921,
1265869228,
2271553396,
3627899789,
2652553314,
2956452213,
2616480199,
3952430254,
1087097499,
2022533963,
2987888372,
3586462938,
3429738797,
583197572,
1029558686,
122956515,
668620801,
1035869933,
296324620,
3584677205,
426625606,
858024228,
2136963104,
1565643060,
3061836140,
2029412307,
3038951637,
3996789480,
710540166,
2728784053,
3574520205,
1453450382,
2267656311,
1950113660,
3177050379,
1281671224,
3524491636,
1912161587,
1591745709,
1463223810,
4110092870,
2046158892,
2822762112,
3500204566,
415003900,
1293351752,
1649029211,
2215203475,
967610559,
2728963782,
3136600721,
1636162884,
2100248579,
3909402779,
3974197548,
683258718,
2940989550,
2386547664,
3281511654,
124658175,
930537300,
3423629657,
3247465719,
2187144375,
3073111085,
4098534552,
3774050433,
2705606415,
1345994141,
1677995301,
3207460972,
3086589717,
1130080556,
603644950,
2310759406,
226957191,
1538037083,
834291045,
1947677577,
4057087285,
784068162,
224026245,
81071402,
263538532,
993530181,
2293249594,
2747812759,
3291305998,
4231679026,
2628798288,
3231934001,
1120374594,
2081852010,
1326278458,
2352070856,
2472179614,
326260727,
862424324,
515790835,
3318979930,
2676005934,
755793701,
467558234,
1973735774,
1358968834,
2040652646,
3856184664,
4108043062,
3302658766,
852253598,
831860763,
772083564,
2110365169,
3581299837,
384775484,
944244400,
2104550465,
2087935164,
3742944696,
2312142128,
2735206296,
1348771524,
960891405,
2319787809,
2135141929,
4043612181,
2818490495,
2124280874,
1554103418,
3139697948,
3088479315,
3335880100,
2838403120,
1426109265,
1259794103,
2052404278,
3366940903,
2063232543,
1937527144,
81662084,
2414478752,
3483046237,
32344122,
621771196,
3644566631,
2572714048,
789531727,
1302656290,
55366569,
3510859910,
503860730,
1191242360,
128590665,
2257667793,
1113393772,
673016110,
1788470069,
1844036899,
1435326337,
1529158257,
3829202375,
3432894829,
2316459742,
2437390385,
1393049208,
2693827901,
2396660018,
1160240820,
3990459917,
904735766,
3331040796,
1997075528,
3955670572,
1780115250,
715846971,
2253650087,
1903180123,
295873436,
1953747896,
380579771,
3303791231,
123030585,
3614524216,
2486054362,
564815252,
1423217647,
1575745347,
1023842151,
1261810762,
2224221207,
3271421311,
1979172215,
3986778868,
4136044666,
3808547284,
200225099,
203755871,
3522604067,
2811040212,
148444277,
3504425132,
1339964208,
3813015522,
588335709,
1488707683,
1860864621,
1828326067,
3483370206,
191179461,
1249263730,
202884047,
1681684493,
3995993338,
1806485649,
1783864452,
1982179293,
3347786398,
3837434725,
646783714,
3129334639,
895296708,
1895753776,
3118963906,
2816891078,
288826988,
3651458960,
380930890,
392867853,
1007441943,
758608411,
1160593540,
189775395,
4168218900,
1800680342,
1951469847,
372153452,
3457606490,
312856698,
361770416,
3044330352,
632943420,
1424395924,
4080778032,
1009014150,
2100882493,
986098461,
357852172,
1067107360,
1167963484,
175214131,
906887416,
2396014943,
1754149198,
1798295856,
722520945,
541232191,
1525681818,
3162554517,
2670677570,
594655064,
3355013452,
1558647591,
4140512652,
1628478840,
2102328221,
1404339220,
3489084963,
552387021,
813074463,
120413364,
2072186543,
1885160058,
1713490795,
1753620207,
2885663211,
1783625749,
2965600919,
658388827,
4274437722,
1681869932,
3109843733,
1758109970,
2142850415,
639313132,
4001356760,
1574962436,
1610502456,
167399952,
668093564,
3160082763,
1641358100,
285237382,
3503771616,
796976591,
217624711,
2607703701,
2814276892,
194050808,
2449208650,
1677269841,
1575225729,
2727369528,
3272742472,
475595187,
1533912778,
2923795954,
2625480153,
955799885,
1782562098,
2659066281,
3607217704,
2236095306,
1134180801,
328183044,
1431919971,
82662485,
388312456,
1393006764,
2840858656,
730440384,
3179650391,
672433173,
2153304966,
879750402,
2057700786,
2560655373,
1471134119,
2499615331,
1298359993,
603075912,
713366795,
2610252678,
307426511,
790029400,
2668911165,
3779343010,
1293583695,
3698856040,
3278540448,
176932881,
2651168786,
1185103068,
4278641222,
477746758,
1341672068,
109627126,
637869766,
2197274044,
1178162570,
972073548,
2336619414,
3852025127,
2518122392,
4163937669,
3412942940,
415238492,
229389563,
1868229958,
48956530,
2408171137,
1194039867,
214231646,
320489816,
3835165810,
38813015,
1007121945,
1247128001,
27537429,
4127992461,
1340080389,
3445852306,
2044853872,
3943250780,
255382333,
2733880713,
4099547367,
1630450314,
1883448408,
3684508610,
2712737917,
3716263740,
2196187813,
331113611,
379399742,
6316492,
2282051299,
3274186086,
2825673375,
379141077,
1607010613,
3881219589,
3002288272,
3454161402,
3445365335,
2409544108,
1525251134,
1482132474,
1805521564,
997276034,
1122768933,
129607750,
3345690477,
846240371,
1503172982,
3145836704,
3094742916,
1675210938,
1574308121,
656735928,
3743740255,
1126505456,
2603868534,
2912612375,
3551305884,
1048209001,
555648397,
3013706304,
2978240133,
3541543994,
1521598794,
3838630038,
1706086806,
3717756888,
866788648,
1323073040,
3399678126,
2342063433,
2514861436,
3547108185,
1094319656,
4122146915,
925636848,
3107638775,
1930259777,
3152143713,
1449259140,
1142473499,
555821257,
2490346536,
1853089610,
1048369786,
3455852842,
1255586069,
3358227782,
2854190373,
2945662528,
3108416810,
3192850324,
2188578857,
699654663,
2668736609,
1866252787,
1212425339,
3642117446,
1821137456,
1291192588,
4019252064,
1635925031,
1911881272,
3249783063,
2968839437,
225232742,
960633956,
1774395623,
2729932036,
411096371,
264583534,
1045678635,
2756762188,
2460160448,
349024632,
72214608,
1648405307,
3923180189,
4004926364,
3108220536,
1720764564,
1161812749,
1960280228,
3121934480,
235588888,
2845653610,
908874098,
130575368,
2583715329,
922344087,
1034427466,
768894593,
2554625453,
2180723789,
1100381013,
3373183068,
3975584097,
3439492218,
463407143,
1484071238,
1082657290,
4160162431,
477668260,
4212109118,
796141238,
1786631700,
3823592020,
1982743566,
1007243453,
1260332175,
3814151529,
2588484812,
922199569,
1692778923,
1237058822,
3617262369,
2283136668,
735501334,
250311608,
502858353,
1902121572,
763248446,
3423362670,
3788079312,
105650321,
251816748,
3189245730,
1779559917,
1442526944,
434199429,
2902671017,
4204499095,
1182966504,
2607876942,
3841589462,
1990724949,
450327377,
2316289631,
931967823,
3930344166,
3055774574,
3374267256,
2866514972,
1088396613,
2586738218,
225517190,
2171506586,
1324040920,
3010785822,
32589821,
1564463127,
2682433244,
2792596748,
425031214,
273906403,
1513850047,
3207425647,
2098833511,
1711753571,
2401636356,
2617334011,
1069447945,
1516863059,
2587058575,
2773873696,
4024534814,
1927071513,
2151635467,
206834036,
2283200616,
1014417567,
1179099805,
3944225371,
3117270869,
1746072867,
166703013,
4067909945,
2624747534,
2014622596,
2663598226,
2757454982,
2178524105,
459529971,
2569421913,
1869404525,
1070634575,
1276487582,
3328844740,
2587583317,
248192509,
3127239735,
814296281,
3260259365,
2860696649,
3746601961,
3878281769,
1196962860,
2099206813,
1633166532,
3100138637,
1982838043,
964610880,
4127190145,
4229608826,
1845858410,
2104505622,
930604579,
1915682968,
1229991175,
3686681392,
2240949310,
505796372,
3352697175,
2802866967,
947364384,
3316889488,
1167161994,
3510439831,
2047970233,
3486952259,
2881344776,
1040518966,
2690625153,
3913682950,
4225885317,
999753749,
1670223394,
2369987179,
703410118,
2365654554,
3778927445,
3395705090,
3738182725,
3642540932,
417542547,
2714405652,
3513092337,
1203979545,
3997544984,
776585912,
2245602127,
2119681877,
3676500269,
3397079073,
2747645211,
4074853242,
986269852,
1189600826,
528391590,
2602630636,
672303749,
605003138,
3802528962,
2072769083,
3567963778,
3359864580,
654029050,
1829837110,
1713179205,
1740900758,
1286289196,
930604416,
1457527075,
730485962,
2256489036,
2028660160,
2993956372,
3495373432,
2128122246,
2114217682,
4207588729,
2666354507,
2111378195,
3784270273,
3318310241,
1273171069,
2208480633,
3615633873,
3407611429,
3965309858,
885928058,
1940535705,
64655573,
1707879727,
3721736795,
628062424,
588684167,
3662210387,
2766248458,
4288391312,
3188874865,
904535658,
3851506547,
4281028312,
3905048036,
4125690502,
2579684199,
540086988,
1640375314,
2928769368,
1303415220,
2214181997,
4225154814,
502479083,
2106724293,
2450848226,
988351109,
20091377,
3584994204,
2441063549,
1446947604,
594198584,
1001532034,
606246243,
3717967966,
3704405298,
4046859877,
1038432561,
2616897367,
3788659296,
1261579638,
1576778452,
535421699,
2225367858,
628175108,
407210582,
191077162,
2043666854,
1362596893,
156292832,
271546667,
2413592823,
2246785702,
1632105743,
2157409577,
3538702589,
3912447369,
2021036845,
2588202454,
3466684026,
1284154488,
3914808820,
1726579846,
4130840233,
633039362,
1402752005,
1169262041,
2671929475,
3705559890,
1378197112,
2729253939,
1072635092,
3599253875,
3244610295,
817423865,
3112929818,
4125204754,
1651449113,
1259259711,
4098085370,
794772982,
3233778835,
2803630937,
1114004809,
2995460215,
2918247841,
2407675781,
1830817671,
1195882301,
2446861121,
1318901663,
499915984,
148938097,
802571517,
2180143291,
288184400,
369593094,
2352891996,
1322895191,
626938600,
1526356619,
2483726757,
3486390915,
3705256813,
3967124860,
1862267503,
418058261,
2593902272,
2886784328,
3150107093,
3308745316,
2592139334,
2613336289,
825623698,
704324833,
3963207581,
3193104916,
1009798281,
2380889203,
3179808002,
2021959481,
227914207,
2471335439,
1435610966,
3290898278,
2221552155,
3174830740,
995031980,
1618867328,
125920900,
3919042879,
2739370541,
2192456978,
143113586,
1765470522,
253232730,
3451631524,
2417270132,
2426352729,
1797586257,
2483230487,
1777564229,
597028142,
563863736,
379756548,
231522307,
2460604147,
2866023959,
3446691274,
3999361666,
272280130,
392612824,
3319192209,
3220756846,
2430739918,
189804594,
2219993591,
833382636,
453735398,
2406042148,
2614742310,
1653836912,
2490428740,
3501195490,
995275202,
1935049302,
1079828046,
1729866601,
2814730178,
1799727960,
106308106,
1780851151,
3616632689,
2388062888,
1266187857,
1495188669,
2778208009,
283013987,
3415350540,
3066570008,
3160212341,
3175094392,
1651727159,
1421394358,
543742057,
1773442,
323621058,
3282253431,
2896722507,
2329467437,
390285584,
554938551,
3282863379,
839316358,
1271769799,
629432377,
894531939,
391025430,
219076716,
25034836,
1308464276,
2780997816,
2136544234,
584870058,
2318729948,
192046492,
1411029519,
20506837,
3796904807,
2008440410,
605631288,
2416524244,
3764982701,
2276902990,
1043356158,
1911686295,
2974840146,
278016478,
1416640906,
848716802,
3745696950,
2621015473,
1527960499,
1513131544,
3251308251,
1319392882,
2633348411,
2339193149,
2317888187,
2375490421,
906468143,
1016480980,
3814198319,
774677036,
365681241,
3662704733,
2961997116,
3181928536,
2081743932,
2856997633,
1129903937,
262596664,
1403474723,
3963077443,
3960668221,
1295206935,
3946819719,
1088193318,
2821756905,
2104090487,
1609991198,
3386571080,
2171830582,
222714610,
403168459,
1574075064,
3958825063,
3116490461,
4188756433,
3228789920,
298262600,
523081101,
1376406880,
4031126564,
2853462161,
128816843,
1215133206,
3402976893,
952317601,
1148580451,
2721712229,
1640529422,
2681273263,
1871641615,
2728380549,
850244686,
3785739140,
65414850,
3611439310,
2718757488,
1502725689,
3672592050,
3482733574,
1288250756,
4165731394,
382888649,
2557708554,
2002572978,
623695978,
2891690801,
2469677324,
3718769465,
1446163809,
74267739,
441403482,
1388466973,
3331406254,
602175406,
3187189140,
3020700448,
2904920851,
306740883,
1892712036,
3182616390,
106205283,
3811914563,
256356064,
3468867936,
3469758009,
2652505836,
3059290221,
3780915501,
3019120851,
1161933846,
534227239,
3020567266,
1956959838,
3468810360,
155801344,
1739989910,
700351505,
2616012366,
632933054,
1339778592,
4243843412,
1812729487,
490583170,
253757281,
3905788575,
3620386926,
414185886,
1438902825,
2065807507,
1554568086,
3438507076,
3777654080,
3770668604,
2737427358,
2503259466,
1786512479,
2438083661,
3991698998,
3364670716,
2311052035,
2525330894,
2845588971,
2981140332,
1629400719,
1178839075,
440994683,
2433767747,
3459164185,
1118502469,
866771665,
1744884219,
563607095,
1672976823,
876302193,
3961711130,
2094522132,
2652681800,
2297459255,
3402486604,
646368254,
156027395,
1701811789,
2359040835,
2888381830,
3013413945,
756470089,
3576800407,
3894455000,
3497145441,
2593361554,
783809205,
595775055,
1479477974,
2354963169,
1453811583,
2670065197,
3614557140,
3974459092,
2093820032,
1335899530,
109769114,
1091008050,
2864761568,
2578957163,
1170951745,
1870202438,
2715232358,
3347962231,
1126808463,
1850797393,
3549391898,
2176636939,
1070771202,
2224147923,
696022476,
528280095,
1282743827,
4208795203,
587386326,
2441350187,
1773051437,
1354840219,
225617897,
2278978188,
3594679632,
3398563883,
3225726079,
2182579795,
3407662429,
1168867604,
1677284406,
350604568,
2475094677,
3933411043,
2234140768,
3519915038,
808917080,
2810766221,
1366608142,
548754664,
785830499,
3752590753,
4218575209,
108929030,
2430955421,
4026077749,
267179607,
2402793687,
1460476358,
1167844482,
2163347051,
1575893948,
3048279723,
2435284410,
3272398434,
2239183178,
2467611912,
1877410348,
1932621701,
1504367298,
453517484,
3901182258,
1334428531,
1273045019,
3607728721,
634658650,
3826405772,
1814675331,
1884903511,
1604024806,
2837107521,
2241854220,
1399098961,
2836154058,
472432300,
2467686704,
3024035568,
1071885709,
1052580951,
1361721962,
520917356,
462153822,
3742183778,
2636817772,
1838568618,
551041657,
332883572,
1976676500,
3288945844,
3871377369,
2754510487,
4270718414,
4002671979,
1147141468,
4111305618,
2564689685,
994499707,
2566613970,
2542577182,
4135110888,
285490441,
3331395779,
3258776143,
1382858157,
876059512,
1120242093,
197690406,
4006060306,
362686397,
1771195052,
1039916460,
2444083042,
2747969595,
1332840517,
27954126,
1155124830,
781991424,
2445727234,
2046915431,
2820868320,
3970191465,
725806761,
2977678299,
292976143,
4118431893,
2475816945,
3759270460,
1919528734,
3450551450,
2881084188,
2754112553,
4100000377,
3436993140,
2528256927,
2555778050,
3087498170,
2641597816,
3436030529,
2629190272,
1412410194,
1038029770,
1585599384,
3441436049,
3948725363,
1686901374,
2207722979,
73134014,
484080695,
2239070226,
2043093063,
443517444,
721203120,
3132431387,
3976420641,
1196384796,
1811952964,
102639108,
1621548520,
3853042220,
3444431702,
510322341,
2303767122,
994096298,
2367255942,
3755191750,
2881564271,
1585290991,
2444933026,
3794023961,
11790738,
2014535725,
3865190283,
446042781,
2949443074,
1681982749,
3197733566,
3295009377,
2275998995,
614332529,
438452300,
4220184881,
1501551034,
3541062225,
1202641864,
3350514038,
1452230939,
2680646973,
4193931562,
842194062,
2659776616,
3116934532,
101465478,
754945586,
3252600459,
2303349201,
1334668998,
707581147,
1737699491,
1359110750,
1152375430,
3110165807,
2235563533,
233330776,
441847495,
356354754,
2667824460,
3414148244,
2684167729,
1643963102,
3014580829,
1049488498,
2160359201,
3361608515,
3038231874,
4165704020,
4053648201,
2953170850,
2876381819,
3468419207,
4046542021,
82013695,
2970507399,
600859936,
565624199,
716321866,
2778711632,
3448527753,
264177006,
1163721714,
622409629,
148098380,
1574837771,
3601628201,
1329806174,
107841890,
826035865,
1306495538,
3523430128,
3326235585,
34079751,
3158102888,
2634043583,
218433498,
2801895846,
4063311500,
3093918265,
2560878558,
776036142,
874713644,
263201977,
1109528260,
2939024257,
1276548701,
161482833,
3925531543,
1516782231,
2432523645,
900881920,
650832244,
3790880774,
1103925838,
3307345870,
3838132623,
3042539381,
2560513582,
2831114403,
4195092011,
341493711,
113246786,
2189032786,
3993238379,
2204191785,
564743722,
639428031,
4024283484,
1127540360,
840057099,
3759570703,
1497085122,
1233883430,
154050178,
740383284,
2507204563,
1073483058,
4168005222,
3457792092,
1891515403,
3316014199,
1907688765,
1402634879,
627349566,
3087383230,
293030631,
1783127206,
1540670539,
915895477,
665460702,
2811416491,
2954149476,
3312933750,
3331577239,
3607549906,
3256621711,
824046495,
3748475486,
3547229217,
2788804412,
1669753757,
3530089880,
3426861238,
1414217019,
2141507140,
3745021819,
4122416951,
1625071795,
1113964578,
1413618474,
259928016,
1411168364,
1452918667,
1075086627,
1325115577,
1531362348,
3573881206,
2303706003,
393562253,
3410253129,
2920025752,
829361464,
844271626,
3044568910,
2895394168,
832466960,
823430660,
1234748672,
1618320096,
3782506853,
789116788,
2305907047,
4059837698,
2637105051,
137258360,
1997358176,
258336021,
1534909780,
1420150045,
8137336,
2220615311,
910366990,
3537482008,
1376246845,
597333726,
1076937388,
4196030588,
2463244620,
3113315622,
369243559,
211279404,
621706924,
2664203370,
4046501588,
363501846,
93907150,
2869310242,
1020692825,
4150095781,
2798633543,
1881387098,
504476924,
3084041342,
3623970289,
1229652038,
939734502,
2135745531,
3329519605,
2228257902,
2022705052,
3380416131,
3167638337,
480298140,
118401180,
3355860338,
990515079,
2796626477,
4197525288,
2273746711,
3843169685,
1472877387,
3734821441,
1742353786,
464758320,
4028851719,
4063946403,
1972739427,
2063817500,
3018344423,
1658549869,
726306384,
1133679219,
2828648119,
3426458056,
149897862,
4267527316,
906544419,
2872809844,
2464252152,
744291861,
4185982305,
110926104,
1742365801,
3082212471,
2091776526,
2047156553,
468590647,
1403201563,
1425441161,
2724122642,
1123183738,
4000481581,
2243022718,
2756268901,
1043358385,
193146585,
625872917,
3546304703,
1240156314,
3093636330,
3280337653,
638078348,
351872297,
2923130065,
2477144352,
2533814276,
1356679362,
3461280345,
3404868526,
2460908930,
599495096,
521741926,
1470708191,
388373324,
70038651,
2816747335,
846854417,
351000118,
2424364101,
818141273,
2220931843,
3813174019,
1303002477,
2307096649,
3573349118,
2665632716,
3038676240,
2585265920,
4235688782,
3345653665,
445639765,
3570978823,
2296029545,
1511518505,
1872162191,
857273732,
1801268661,
4133157416,
2347896198,
3902597903,
260939334,
528690440,
2038761936,
2577804343,
3556642783,
3838629983,
417676310,
3075850517,
3128494438,
4075776811,
447401515,
3618348706,
1333807627,
1252820605,
1644677221,
1560313620,
296639603,
923720108,
1381086330,
427057401,
201584019,
2434191418,
2085941141,
2848027770,
2750009606,
414474708,
4135897445,
462053487,
2104939037,
711047040,
1876937636,
2878611244,
2762934959,
630154814,
501010035,
2193383506,
3738920669,
2298952991,
691466917,
2860361270,
1845093761,
3570320463,
1080913849,
3357837114,
2344723137,
1576920111,
2004748005,
3143453759,
3590808933,
1474846927,
1502649765,
2161542926,
3881023150,
1652483174,
1097064265,
678623967,
583392930,
1699296913,
178553208,
3729062247,
1866722205,
106314602,
2609670147,
2619588070,
2573192338,
1612975048,
889660773,
1837357304,
3188370380,
412114531,
2052449033,
2100463385,
4097259545,
2700165234,
1310366279,
2208406451,
1221216370,
2289361333,
2613349462,
442784634,
2450963252,
3464806475,
712316014,
941280133,
2040176275,
2330903007,
2998418140,
3535914086,
3538232526,
3755736237,
2388252498,
3201625802,
1943638839,
1926985721,
61796870,
3969444805,
2882813046,
2691680050,
2839976272,
2986487106,
3402908078,
2833926506,
1431901792,
1113424424,
3758564883,
2819423397,
2756415627,
2908057971,
560884142,
3080167760,
1510235953,
3023398760,
3954336882,
774072227,
1297333139,
3396167804,
1145674356,
3251043494,
582250072,
1261536517,
656765798,
90307370,
2478107319,
1057513718,
3962067296,
3931378088,
497650502,
1170277813,
4023734624,
2383168243,
606715332,
2638279331,
4036012758,
969870294,
3315056756,
3480519538,
1063270558,
1260965160,
3418154970,
2335590400,
1594547658,
1984579168,
3119325070,
1533331320,
3822205653,
2532974868,
813744379,
703671820,
3285274198,
2448188966,
715245135,
1947665131,
2495478723,
557884885,
1614059067,
492170328,
2344581409,
3196604052,
841356483,
1309190280,
1105878441,
1024661485,
115556592,
1032409578,
480950923,
1577901864,
537491479,
1385054567,
2224659790,
2954196689,
2840261011,
1957487990,
711598910,
3601009704,
4035957222,
4129730400,
4124470738,
3549849229,
2544846810,
2422116419,
2462101673,
202658650,
2135676087,
271152512,
1847862708,
3099520982,
2040692054,
2571265697,
303740674,
3727251835,
3043707972,
2529554678,
1820767617,
288203719,
3290115228,
3477507872,
2643876662,
2037398291,
3001383245,
3241085491,
3152780850,
1644383252,
2210744780,
1171645491,
1807571292,
3087109807,
199671862,
3448460378,
4051919542,
3297111610,
1548410306,
42352071,
3888453803,
898188558,
45380620,
3106367866,
1801925997,
3923429886,
355832828,
536497515,
1229354451,
2738377627,
4190841908,
1938949654,
2184061865,
3205409367,
2011518439,
1758775332,
3449295279,
913741803,
1950757205,
2900052249,
2352799858,
3611296474,
1415007490,
3790012721,
2514606089,
639676161,
1071880145,
3559777150,
1468953799,
1311662228,
3853875915,
2075937117,
495009606,
3794830636,
179248178,
2472764356,
1227537096,
841583842,
40697764,
1247980885,
2917569905,
2933929172,
216211782,
1052099399,
1517357970,
2481159619,
3344646516,
3849284356,
1579659235,
2375309935,
573757802,
1077233551,
4099412580,
2506496749,
2880981751,
2090098240,
1705318659,
1402577104,
3726128754,
3744667799,
1408681328,
1897418028,
3578801443,
2671234977,
2398870689,
2272419251,
1807729565,
2811450415,
1675634797,
477723767,
1342799663,
1394547209,
2136303294,
319921523,
3463621718,
1086974024,
1529459868,
657429063,
3860068547,
705696403,
3035720895,
2197289605,
280286158,
1214987489,
1229487473,
3019149330,
326583535,
1796572554,
2013240932,
3822206248,
803390568,
1375369085,
475081784,
1254505668,
4226816802,
3372016194,
4124428271,
1052040315,
1055895942,
2264651356,
3056035008,
1349167579,
827278527,
879344186,
2197841218,
3583806885,
1861029066,
1398698039,
2754734692,
738157313,
3110922835,
269441876,
1268077893,
752815150,
1410660426,
234775511,
623760288,
958113438,
2413356119,
3297394966,
3517174011,
3709869218,
1251579666,
2715074286,
1952255412,
1825962115,
2477158393,
707403572,
770740467,
4120287614,
883514179,
211759022,
333785476,
826930698,
3658705787,
607957819,
653865726,
1353416843,
257627881,
2227946570,
591327804,
3251962749,
1460406710,
1164672475,
1648427820,
291238850,
2057759093,
3196740576,
891587869,
3172779761,
2356761848,
3251101901,
2729297574,
4186161735,
2198036948,
1156598762,
2427084800,
361101587,
56163777,
1866091042,
1700161165,
4108865546,
978540080,
840240723,
331214645,
191729564,
2518274330,
3358569886,
1338580630,
1917152474,
1247524261,
2356984618,
3142694190,
2010609393,
2807916021,
1250452869,
1095253883,
1517797298,
1465175377,
618680675,
1728491486,
2654038815,
2285792485,
3351878725,
4051717118,
285356102,
3090510134,
3321366823,
2492080246,
3609052188,
175409982,
588317507,
3746005632,
522458672,
3962264540,
2126971762,
1321674558,
3123536108,
793326008,
1248322942,
594676623,
3506378427,
697901500,
1867675049,
1378966970,
2073916475,
2872577106,
598301371,
2680852493,
233285075,
2876557572,
1049659323,
2637071825,
2191282994,
2633763268,
1700710415,
829184316,
2094656049,
2820070019,
192222291,
536231184,
3546296250,
3815326855,
3856069125,
1876303166,
1983813456,
1879771798,
1292096976,
1840308567,
2010959892,
3430360346,
2919265299,
3430841666,
2316475715,
3099688041,
3867533094,
652240891,
2871441235,
4238237302,
701422894,
616685618,
2852456405,
1700506455,
3608221136,
2884198811,
219116615,
669618435,
590832694,
2950881571,
2424991035,
376053803,
556283863,
1890275004,
130756305,
1189278248,
2435697557,
4080548408,
4248200883,
517706863,
197516415,
403174598,
1121492350,
576754036,
360807452,
2351805909,
207829275,
43697103,
3775715864,
2101193238,
2051048316,
638249820,
2908780607,
47438250,
638556085,
3875526880,
791507352,
1660811732,
797485406,
2687879334,
2354057876,
667207256,
2582463598,
3365181160,
129817492,
875832927,
4082753680,
477515008,
82220153,
2848224164,
1736693303,
3263933158,
4059869720,
3812754236,
3189441371,
2532626507,
2698373987,
3656877552,
3779664249,
3379398450,
2884821318,
1775798871,
835068056,
490152126,
11889174,
811606492,
3389714159,
3515203678,
2026608195,
2208909876,
2090860432,
2007353203,
943512300,
3096036376,
2313549649,
3528967463,
3839183495,
2384388917,
3342724530,
154391131,
608002017,
2139173319,
575513739,
2241329475,
3476546597,
4244184170,
2530528385,
2726173191,
4248647034,
990302819,
734240400,
270546632,
1348480691,
3857122924,
3416085217,
1216896363,
2587800533,
2380813635,
2873530445,
1055679536,
3017433651,
2053408433,
1159396226,
218424613,
4131078464,
1212540419,
2940062479,
1168218289,
1590892814,
4211178400,
2229948049,
2779553244,
2319872073,
3105317224,
946199173,
3746369858,
1339880806,
398005137,
3665412992,
2483891183,
3378538439,
2662120716,
536479306,
2309763667,
695801200,
594316688,
2972062371,
1897527573,
1478155591,
3098360869,
796236369,
4166432890,
3366846529,
1769998447,
2688474475,
1008106073,
2208567494,
1697528422,
3455009813,
3557469682,
3795482344,
2598752597,
1871797208,
2191558336,
162357343,
1292477624,
2957102028,
743080711,
3785830235,
1089225275,
3088667242,
584182180,
480405688,
3844809363,
3107178046,
978109150,
3188624965,
951114072,
2269514600,
3426029877,
3675792410,
538466072,
854293545,
226322370,
897184781,
3584505882,
445140224,
1663691780,
3649657362,
4002687468,
813634077,
390885534,
4162223039,
3119845435,
3932225555,
3686391861,
1675801666,
2710087563,
2656117016,
2167740727,
3195673606,
2142498075,
3669194121,
1057396514,
2700785110,
1441801366,
1544788078,
2268548620,
3932985220,
2490323069,
1934646298,
1184184507,
2088772897,
3808143023,
739722301,
3987188862,
2769408284,
3048421054,
1403457718,
1055557984,
520690936,
1592536638,
3047012041,
1114929217,
3662182645,
3499649505,
382141218,
1265349815,
1657878852,
3402089725,
3570362775,
1463755050,
3939114637,
2265684571,
3515140885,
3509137421,
2553252673,
2720046395,
3811957198,
1655397653,
420702790,
99341838,
768663907,
2129538161,
2081676715,
3694645930,
2353740964,
2734135051,
708715658,
1362856043,
630439773,
2480985619,
331950907,
736459148,
1604653236,
224272702,
2753124245,
845570650,
1294717020,
1382316688,
1249829802,
703011113,
1151741245,
776690461,
1493854478,
1514251287,
3433682107,
3022704246,
3330939543,
3367035210,
542010702,
2859386928,
1749873503,
30751416,
269104133,
2172204042,
297276542,
1410209992,
2486665828,
2492294500,
167409454,
3272220961,
923307273,
1035761821,
515912993,
985553356,
4142991671,
3086828059,
57284626,
3427325652,
1991693,
1277928970,
2303198707,
2382319680,
29798718,
2258775962,
762300176,
3565672111,
3608910903,
153603922,
430666917,
258428095,
441558551,
2941388943,
703305364,
124825945,
2979665006,
1814007013,
2074520028,
2826706477,
1000645050,
480323693,
1664600798,
1191542414,
1609712495,
156815485,
1464299104,
3177193065,
2752769833,
874060812,
85866438,
1286963211,
2333991745,
4010928078,
2825570084,
1205902650,
2735020127,
1908646009,
2523967799,
3464455936,
4261410665,
1631951669,
1717576250,
998929442,
3224600957,
665809727,
2196436290,
3622245066,
2447191187,
1282365896,
4144879498,
119390375,
447864188,
3027566910,
2352614032,
2491892312,
1550297766,
1235617355,
2214123130,
1804785705,
2871365673,
2825200719,
302021888,
2642365151,
1881314893,
1906771344,
2888729806,
1177267108,
1035652434,
3616305993,
2713211917,
3575486827,
1979573558,
610946500,
2231170265,
1032065402,
1277504238,
1815791174,
3603077382,
864791991,
3440577147,
1837461009,
1852065248,
342394337,
1419450928,
2141921526,
541888354,
54969913,
2338491632,
894069062,
2732459212,
2185627770,
468593231,
2167096326,
1339917485,
3283587179,
1218218439,
375341014,
3751862590,
2657400150,
3003816114,
943721556,
2310807063,
2734932572,
2105447191,
3819543012,
422580378,
3175561050,
248976635,
1110117222,
502302724,
3184600080,
2663859160,
1322271587,
3479240558,
1223057740,
1698860324,
25225789,
1936839942,
3214080980,
1611282682,
2396011809,
1384463626,
3554907261,
2418162828,
842974330,
526365829,
1622281007,
772739424,
2162602614,
2153305274,
511068118,
3401350064,
730298850,
2835960115,
3794021279,
617473397,
3955434513,
350728747,
113568457,
863975803,
2122951242,
968638570,
455709216,
2867828334,
4079058184,
2785329552,
3004600915,
220309308,
1053628151,
2344523385,
1829849879,
2053641285,
365873837,
3536649739,
1193816915,
888998225,
3695350943,
2945269109,
3660361700,
2867828981,
1128828440,
1611524226,
2135827638,
145138179,
3377073114,
3048510939,
3033810490,
979197754,
2480840832,
685346121,
3190426477,
558352709,
1450680219,
937500362,
2606013822,
3798499630,
831561907,
2452077056,
2231845267,
950058302,
3856771950,
716188441,
994640219,
2479498101,
674845718,
1128654666,
2433742220,
2758232294,
517093973,
943182770,
3286672617,
3393662337,
3636745318,
883871726,
2818147394,
990568040,
1461246272,
3679837353,
4018490878,
3508177930,
1039411968,
2910249559,
3808305250,
1827893327,
1326663372,
4174560157,
3648792420,
1062665020,
529517941,
1067323797,
2512034749,
175623537,
3719372903,
412476731,
3547296097,
3643364377,
1167550606,
3811274289,
1632431806,
3588431577,
1553397325,
3641401145,
3873330058,
1979197205,
267114509,
3163727795,
490069634,
2621659158,
2103024110,
1403352048,
2224520197,
3232584239,
4205423298,
1469664725,
2582230200,
2303791245,
1449076747,
3920022864,
3508272246,
3092771099,
141092519,
751901632,
2774281877,
606972679,
3686401014,
1961489229,
1222929737,
514527756,
3906970482,
3007811782,
4169280604,
439814914,
3656596993,
2158739826,
1249528590,
3585809830,
3092238250,
2884354357,
1520222233,
239966728,
1352390987,
2557974344,
761310511,
1728739011,
172586658,
2965194286,
1911977155,
1132958132,
2167264087,
2069979177,
2710144063,
779610652,
928853813,
3621384020,
1452693994,
247302699,
2665922599,
765636577,
2664431228,
871370155,
1445196324,
2412824142,
112212510,
2604213893,
132401320,
3635693078,
724415417,
2417836606,
3413303049,
3206139487,
2755862051,
1679173246,
2309943576,
2498333810,
3049043528,
3302356262,
3112916106,
3636034194,
3619627310,
1900607532,
306523375,
2256708756,
2611848396,
1018232445,
2282809701,
3690309952,
1625699384,
2585912344,
3673100620,
2080390203,
3893066797,
4106402364,
2417524155,
1623094786,
831040159,
2488819759,
876641744,
1576502367,
3492853657,
1302280799,
1041544744,
1263438150,
158638162,
1754955084,
1469208455,
2738545856,
1291118563,
323179555,
2296222809,
90449157,
79821905,
3839945256,
1425625674,
1412191867,
2573373145,
4034207466,
3466809614,
1661336087,
4221419790,
1676847472,
947447568,
2279306338,
3820807778,
1316375780,
108682489,
3676796963,
1321815170,
542229834,
3835748729,
65256724,
2354606908,
2724885372,
996682396,
289805440,
4008285820,
2309078641,
1116673570,
752810070,
1455254220,
3737755003,
1161757141,
2930806087,
1171972925,
8431275,
544400410,
702423526,
2584978494,
14049648,
3435259764,
4247862112,
3415217738,
192156482,
4113457274,
1486611413,
3166198464,
2059092293,
1575739256,
1247436945,
3271201037,
1103737108,
3364938849,
3504402085,
921046178,
1690979504,
1100921086,
993368541,
930377349,
2728486962,
3906433200,
2880092374,
3277554552,
340365193,
3870452360,
3946572853,
1078643933,
545447727,
3353060440,
1885881530,
1475462866,
2869141360,
2376333107,
2881593859,
145198594,
92036951,
57065221,
1224268071,
1435872731,
1895193982,
2948054326,
4262939424,
764038756,
791422754,
3392946260,
2308437872,
41506734,
969195607,
4205402666,
2485991746,
3218911844,
3966537379,
3717097009,
2222173419,
2072148312,
2792312117,
1456736116,
3178599477,
3224264118,
3011343835,
1444427488,
1313657775,
2857761460,
274932963,
3587426454,
1006437012,
2700817940,
4096988671,
434289944,
3611029919,
2739913158,
3780956542,
2315923867,
1129674037,
1480022581,
2024697471,
2551224688,
1971316260,
2726497130,
2013903588,
1748371525,
14792492,
2974581606,
161941052,
2573359486,
116117281,
3944627135,
33615160,
2318555713,
2036269916,
2219969104,
3605662779,
95553392,
629743718,
1417287182,
3917701126,
1354413821,
1477302419,
2314389303,
1037243437,
2632422527,
1168064042,
3323408247,
1429079385,
1677460298,
570270215,
1290341425,
220937217,
3811958634,
387991326,
1863125876,
1628441864,
783858686,
1444771775,
546721172,
1414024452,
191944102,
2685439625,
2468116548,
865144161,
3951311387,
2227376177,
2661873415,
2635401671,
653960277,
2018052438,
2517765456,
1121798101,
2137309044,
23007127,
2853578624,
1642494104,
3457585993,
3837822992,
60742094,
2023934338,
3331756613,
348807488,
4259085645,
1976476239,
3268339633,
1474013224,
2715997754,
4145161821,
2775369234,
3391080712,
3931096467,
1354411065,
2332730760,
2866561103,
4049302571,
558796471,
330819330,
3705606496,
839811670,
3576397232,
4019282645,
1308996084,
2797451130,
435866984,
2083583351,
999221698,
3844413328,
1175044734,
2961222995,
2498287246,
3250271918,
543786976,
1428175691,
735340864,
2017818326,
3502619213,
2244562174,
299505867,
1665875956,
3103905113,
711427182,
3113630276,
2573077141,
566645658,
2388548186,
3097345212,
3955443564,
1501632313,
68950150,
3704423208,
431270180,
2817516052,
636365528,
1098339811,
2030903445,
3390781275,
11630843,
973849683,
3807347097,
3561865698,
2118700952,
2991195791,
704150777,
4147456106,
2638465567,
952063178,
1123914816,
3074161107,
1710150196,
390041729,
4109494891,
634803792,
3597632047,
3419917437,
1557627966,
3259570671,
293682019,
1252137917,
3795506393,
579434051,
3284362248,
2449247829,
2081108109,
2373736385,
3877443148,
2785441681,
3526522903,
1836469363,
3066662011,
3603865685,
885492159,
396732373,
2378172053,
3977435643,
1815582797,
4253925682,
3473410590,
3919620796,
4144141704,
208579739,
1834533036,
1510062909,
539165212,
1545389810,
3774362250,
2053621357,
4078505529,
711895360,
3949608253,
2190424454,
1431987072,
709885568,
3725144698,
1364094633,
580114208,
3912278368,
1607928519,
2753282654,
2981988208,
1128881598,
3286834251,
351434486,
2430695020,
2769551775,
1465709323,
1681178173,
3290089942,
3547315986,
340107028,
830980535,
2359894360,
2858414411,
1687791613,
2518836978,
4059887607,
1364050889,
3095271869,
2801782056,
2465760301,
2069408898,
1060344073,
1140865364,
2272313738,
1093974702,
3458593584,
65001705,
2145254554,
1636778117,
3643033781,
923452548,
3487351162,
160750294,
2857203375,
345739323,
3164975814,
3738590112,
1231739099,
997988275,
3004997166,
1752094032,
2999674455,
827298768,
1482616146,
2544133365,
102633587,
4168341607,
360832463,
2973216179,
340216110,
1345595427,
224219161,
3857998145,
4188285016,
3454161972,
1247129154,
1496318039,
1212080752,
3405255750,
2018678098,
1116535574,
1411263657,
664208746,
1343736148,
479223957,
657905025,
4000669372,
1343300314,
3265931281,
2116001678,
175730967,
1181610757,
2972056864,
3388303828,
1580863708,
4051904886,
462343412,
2917011802,
3513161724,
196275056,
1297513699,
2221613515,
2257000101,
3839729001,
2834800284,
4011740823,
1288178345,
2634513875,
1133265129,
508766497,
2757792323,
3812221564,
1614336680,
2958058871,
90742333,
1005393236,
494747692,
2980194842,
3164771696,
1334397967,
1984158276,
2034234532,
376935947,
208002867,
802294403,
1148673587,
3119941220,
1021005934,
4189554677,
3076681839,
3013889639,
3226318524,
261958256,
1490087987,
1781449948,
864189598,
1139109916,
2886081702,
567689495,
3136170589,
1211238181,
3623501163,
2229066533,
2165689039,
3502979875,
3723306998,
3748703435,
817367830,
3231529625,
915561014,
1906978815,
2048576577,
3891341327,
2898837144,
411759155,
2761543081,
2174844722,
1266930760,
739267107,
3186106457,
3287433300,
1451196880,
3113188701,
3816346510,
768614470,
3371309536,
3080874551,
25660905,
3006996189,
3752185525,
710843942,
2392024218,
4160208964,
170568541,
1601672594,
1596452632,
1306902691,
2051302558,
2200010397,
55446870,
2328429675,
3568850250,
3600894414,
100430589,
253501085,
2309923035,
2055535676,
341390366,
922034479,
3625403108,
1444582387,
802337475,
875841561,
3316824779,
1657441801,
3341043752,
321944820,
1417333377,
2728625258,
2410733873,
3686169566,
342870748,
1147520452,
1594580253,
4015817890,
1919110144,
2319631145,
96627441,
2047493336,
14418279,
594142368,
2382575416,
1444456203,
3355117901,
3532541233,
4007075783,
2377413469,
1702496401,
2764856729,
325363488,
1800071325,
3416458174,
777064875,
322335790,
1041057167,
1382194471,
3883199361,
1096810392,
1074735467,
3086979193,
3065824470,
493109871,
2978961423,
1216410626,
2957896704,
269260106,
1232238612,
775602798,
2802452001,
2931673651,
447396671,
4212743235,
70612096,
2763696603,
2328817450,
835570845,
562944869,
900272355,
2511381937,
2821112379,
2969233347,
248995030,
2705225776,
1509637632,
2154977611,
581217139,
1363302498,
3927241280,
2459287126,
3650449746,
1819176588,
2632477011,
3168762978,
438950510,
4236405581,
2336577625,
1202186634,
1834250807,
2212274652,
492862670,
1559331292,
617751037,
2889307661,
3298878348,
2216453756,
620863574,
3769444760,
3796987936,
2514294567,
3950363546,
2361144626,
4181236404,
2930399255,
1261325809,
267000408,
3211748434,
222641495,
27778592,
2751100139,
3483908882,
4266224307,
1788602877,
2926323408,
1068232384,
2256681405,
3342642271,
1166926339,
4156021919,
2360319096,
508201754,
960979768,
3399811416,
2620839430,
424210643,
216159219,
241897054,
3594009971,
1555244568,
353188684,
1937643076,
193437710,
3541156901,
1334276940,
1372759274,
3062102415,
3551816038,
2180645909,
578836408,
2571628590,
2462922095,
3798841279,
2491337770,
1400985537,
3540669553,
3864803719,
3933427337,
437469234,
2484345436,
529283888,
3576904861,
866090414,
457735774,
1906007175,
138759390,
3038756813,
297692023,
3458601440,
3527972669,
431949198,
1526450933,
481395312,
2973565787,
2811350765,
1421507112,
2102697384,
2678510146,
2906967360,
2633729103,
510795425,
4081068127,
649637018,
3510638752,
1944950419,
2973200218,
2352762970,
73518874,
982347827,
2535065197,
1621319195,
3757674845,
3562027502,
3968354122,
3553479730,
2291256353,
2046342364,
738023340,
2106266370,
2605504761,
3007359148,
3462847553,
806429909,
3950394629,
2880938418,
2528221990,
2171356432,
1829412410,
1192157746,
3474453854,
1931958879,
624677426,
518114370,
2458380918,
2617879444,
2917632309,
3342939387,
1415303483,
2389767488,
1385213192,
3071762314,
2973192340,
1288730510,
1306013915,
2650651429,
3944373795,
643278664,
1814321822,
1248555922,
1428242284,
175898856,
61802122,
3849715930,
3912004875,
2284904179,
577720190,
1192757038,
3511125171,
34368848,
1050929358,
3585323381,
4250205736,
3265827861,
712542350,
192866888,
3321546312,
583486948,
3674116989,
2449220387,
1923802294,
254614806,
655718736,
1871396545,
417030693,
278602143,
3686432023,
807379201,
1220207575,
981470700,
1420533627,
346120250,
2391934382,
474926736,
4100267312,
3298082315,
2419007880,
2184866468,
1764678475,
2995191598,
3517910873,
1455358260,
2049683406,
3330934701,
3655659930,
2302144064,
1017305826,
1674241915,
827460751,
2139432869,
2578940688,
3998433319,
824422401,
2852237962,
1662428709,
98457032,
414549140,
4043162476,
2899985695,
2584869694,
2215592712,
1907065861,
1575416754,
88079609,
188828219,
1939874832,
1606207628,
3593352440,
2008823526,
584998136,
1866062367,
744319883,
2927386905,
1180643163,
3518954624,
1433525387,
2741188622,
3120318726,
3216007259,
3698640218,
356327179,
3352718305,
1357785424,
44854139,
420437004,
920339588,
640532338,
1995916658,
1519282500,
1890202728,
3375241609,
540612989,
4195386816,
270214766,
2484283404,
1183451483,
1356359685,
3353867674,
1659911197,
2278176989,
2799601411,
2038581497,
648107153,
3525692121,
4189216843,
2876339377,
2509622823,
2037347434,
489909407,
3126862098,
2400297233,
2225803602,
2266779344,
2045144774,
3078299659,
4202881885,
2626964680,
4286592147,
376109214,
2547704284,
1818394387,
3528981536,
3753911682,
3996378555,
2373156223,
3350765762,
3269242005,
1602838916,
3284056111,
3985834366,
3176324411,
876882917,
1150214912,
2909104820,
819440676,
3153243538,
617684092,
3163753555,
3803455627,
974666720,
1771635534,
80666069,
3980380053,
1729609830,
3994617728,
2543073669,
2669792620,
1607405416,
1748264567,
3009605193,
3867825942,
1186501229,
3368669650,
316180121,
3007289892,
835028589,
889300555,
169119889,
1178359375,
1456581219,
1763394564,
947366723,
3600565285,
4091313763,
634654971,
712166499,
2794315804,
313555604,
2170680547,
807153005,
620049630,
3699057225,
3600498251,
2536846546,
3351332702,
2551090373,
3092334727,
1340597000,
1151529985,
902255621,
3410794086,
2553258478,
1620496867,
427962027,
2059851657,
4264269794,
3073023526,
1914702688,
3980963864,
1755227458,
3806543216,
2100722294,
303766677,
1815362974,
3650831370,
2227791214,
182238832,
90756140,
3969824137,
602123226,
3650171414,
2939023054,
1891982433,
3403744470,
911349591,
327586928,
1276235301,
1237520429,
1341571826,
2263015614,
3407906166,
170531788,
592925287,
947627118,
1176866721,
3759281223,
2472977823,
3888352509,
542926946,
1644943591,
3642509145,
4216800383,
1117579341,
1066782415,
949765198,
3497072962,
1652402105,
2425801285,
1772028626,
594274770,
2069532640,
1934133355,
588192603,
3829780785,
2132983170,
465578456,
1444673559,
2090243935,
492635784,
165611548,
2780034417,
2903779427,
3507276905,
654053453,
2820462350,
417162507,
220095054,
2865426035,
4141043804,
3808806990,
2279770144,
446189594,
3202349384,
3727946496,
1584812654,
118564804,
1452679173,
2107997337,
3028964117,
4040708241,
3760874046,
2367287552,
1902157062,
3629805898,
256485382,
3036951453,
2458043960,
173825476,
2822924646,
245649688,
4087192220,
828428303,
29367317,
1129272224,
1599215746,
655992896,
186015603,
2379828873,
3093894994,
3230374957,
1235889733,
2423413282,
1484939167,
1244705019,
20583360,
3063621644,
4265367328,
1305409055,
4181526048,
2775854086,
722549495,
3408629942,
3668590425,
685883488,
719144416,
1496683069,
1994433386,
72772161,
722869095,
702250648,
630829436,
2358511720,
1308258821,
3932312725,
3112661198,
130072812,
1497397003,
216303720,
1155284892,
1427980228,
1387535581,
3203024822,
788697152,
541373247,
3380200031,
462835799,
2332647944,
3637696979,
603268896,
2719314481,
89855252,
2642990342,
1025595338,
3084303412,
1508352702,
2693530191,
575492017,
2935815806,
2122215396,
3471401116,
770254286,
3312239966,
2366956223,
2597678932,
2296747329,
2494347060,
181062527,
1680584778,
3650853785,
364473071,
3675653151,
322586751,
3743756098,
60222431,
274680780,
2378100437,
2937789525,
3351971153,
2190296129,
1121492071,
1832671666,
595202563,
467329381,
1839706826,
723641720,
1079047171,
1028078211,
1760688790,
1292743062,
2558545446,
2164529298,
3539118479,
2027637650,
964791838,
459035667,
3509861876,
792424467,
842974504,
554555725,
3207887909,
3153138971,
2283220929,
3036155545,
2651062850,
3508430672,
93191679,
828382535,
3890774230,
3456836956,
2351542791,
2043294655,
227640988,
1562725133,
3822349467,
592344934,
1748343488,
1748960808,
3454122456,
420811926,
1667376728,
1694353954,
3285918156,
711811302,
1999873762,
3535022134,
764128042,
26828757,
74819923,
233282313,
1873507399,
3674319239,
2424193803,
3156122120,
1438681165,
2427434846,
287259638,
3902902110,
2734763617,
3139760630,
1446353364,
2543551891,
2239762039,
3686851407,
1201645722,
1699669658,
100649034,
4054028219,
1213446180,
1595204039,
3968015952,
1188340142,
1193692750,
2802275918,
706879290,
2323708647,
3492376781,
2935880787,
1505936718,
3325960089,
798600541,
731593321,
4238401556,
804592960,
830903678,
1912077562,
2924507096,
2275578753,
768862770,
3497316077,
1778006214,
1453752318,
4215178307,
2419293202,
2339258001,
2993246755,
1656838707,
3590543704,
2939013870,
3225816753,
1068767637,
3649326891,
2609357114,
738214814,
3981064420,
1829632255,
2981437961,
333381950,
911875184,
3309189412,
1165391330,
2741790726,
2950621554,
3032819378,
1032233803,
1017803885,
1709501558,
2450020815,
3196818842,
2472042770,
95750452,
4178210448,
762424872,
757365659,
425373137,
4079262077,
155974196,
1607923825,
1142396481,
598465373,
513066728,
3303231565,
2348784776,
3926846965,
2376170938,
3938397756,
1593507099,
3064017679,
367487808,
513721230,
1049258070,
577185816,
2593021853,
2202008963,
4213910469,
1555250302,
934747272,
690300325,
3806667914,
4244675847,
3966641491,
797022837,
1092358679,
1882906921,
4241885724,
679172364,
952744843,
3277934168,
2800635516,
1637994096,
2946140101,
1659247118,
1706779491,
1675580054,
789398046,
1552676644,
3429924580,
3513062735,
448869994,
3190137742,
3972033738,
3436160856,
3031113535,
3950447098,
436715234,
3270537016,
1593027188,
2029447696,
1514072966,
1975290274,
279816181,
1815518893,
756291010,
682214962,
3484306299,
2723829094,
336315571,
4292563840,
1986305302,
1878376124,
3431964698,
3814410784,
1795254599,
2678687530,
2451200975,
407703862,
1573974689,
2327887886,
1019541135,
1528983079,
3146711440,
3505887809,
2171946313,
1778307113,
866260591,
3616264788,
2362083024,
122977293,
1529946596,
1078623179,
1440459795,
2514510881,
2187122119,
2282039396,
1238719191,
1349329478,
493004121,
2328188754,
2505838972,
39523816,
2397645689,
2179751510,
3122014840,
1927444816,
1056902156,
1948408591,
760448876,
2118321557,
4038575995,
418846505,
852541253,
1888458287,
106273120,
3387024854,
3280872092,
2301307185,
2733335214,
2083187587,
195441812,
2817954471,
21169923,
1139817568,
1752787014,
966433031,
1333397937,
4031571968,
2890874512,
2429817426,
1868493255,
261980220,
3081851186,
91941198,
406469739,
1172172568,
3530524352,
1555167828,
2215320697,
1259399451,
1285530498,
494913078,
608367869,
738099008,
1493419061,
3314672843,
366635138,
350563213,
3198754367,
1930065345,
1851683650,
2643048023,
3015988338,
3552762400,
2362278009,
1261704923,
2832833701,
1868964183,
1055510035,
3260697559,
2953213311,
1122511913,
375475307,
2954532846,
2384430122,
2594000244,
1589018356,
2778356240,
984634123,
2793921479,
770831204,
435702568,
2695837942,
1737875939,
2707842651,
4062519978,
3167559066,
584282705,
3768521040,
4124701709,
2258177872,
2955447065,
750850875,
314765819,
356262701,
155625758,
441206144,
435421146,
3679831899,
498934436,
279726892,
3380479245,
207198284,
3566591751,
129450702,
268938327,
112929292,
667739723,
1949233802,
399318508,
1528213335,
4208199182,
3910380630,
3184758191,
2275996306,
469768424,
3336341024,
3597318478,
737098967,
1945116269,
956425769,
1605088710,
4294688418,
2072561044,
1244119666,
2410616890,
2183762091,
2142605524,
3960918917,
430200071,
1897843729,
3521354922,
1321654882,
2086197362,
860080969,
732393789,
1897314519,
2351117199,
4226331780,
2970865486,
2120397943,
692828631,
2959587418,
135811571,
3417287317,
788693786,
1703062864,
944485707,
2321570174,
1089913683,
194312389,
1486464076,
2176933557,
283100477,
177421276,
3624799275,
1895452493,
3865152772,
256585347,
3315280997,
705211686,
1144936600,
3612669059,
3970433578,
3049340051,
1418179894,
154943026,
755832651,
2754598521,
3062736003,
3886743148,
4111249711,
1236164134,
1464813350,
727420192,
1185489263,
984472351,
2362076796,
2658751870,
1246887692,
2261806364,
2571991362,
1462294789,
364832312,
3372654183,
3916769281,
2844656619,
129304009,
55079436,
953930115,
2505320293,
3172935301,
2668064981,
2822748939,
3523525703,
3669128971,
2087735578,
851657603,
42423597,
701174350,
4113228489,
2454348836,
4072021095,
2342837085,
692104851,
677586506,
1797803297,
2940150916,
3142887340,
2036600584,
2531442199,
836634595,
2082393668,
1717527649,
1864923268,
697243527,
2382682079,
2252268986,
918481373,
4198199910,
3006077126,
2723881411,
2293556497,
2789103095,
2941379969,
3022786669,
3426043708,
3309839798,
1560106981,
3452104547,
3227071391,
1154705439,
2259793617,
899760421,
1912551220,
863576316,
119669352,
915359614,
3336142120,
1717959311,
1145610250,
4229377851,
265034383,
1055965228,
1486059282,
3357197469,
308457968,
3796827600,
2991126762,
1109824640,
2948187458,
2232302166,
2580392198,
2629697622,
970769998,
2648523437,
3126876210,
718527047,
1901154631,
1636815543,
2001001022,
2574798212,
2990289549,
3201630503,
1517390373,
2380032866,
756059429,
3125309370,
1318079187,
2572415703,
2631970904,
2461149089,
4252267568,
1305994760,
1053689079,
1689763917,
3578287431,
1058866096,
1018018379,
128666157,
2351554410,
706719341,
1856082547,
38187829,
1709143744,
537122627,
566930026,
930996656,
2823911133,
2551338659,
922115093,
4162744628,
718760423,
2661457308,
224601956,
2296692747,
583503949,
4104710305,
4197744793,
304452466,
3615088370,
2055928460,
706814130,
3106931961,
3567381936,
1798529022,
1042335855,
1732130608,
175557703,
3992724678,
1086516278,
1895812500,
2021331358,
4037659266,
1915869218,
3017832158,
830053799,
2185268679,
2659508503,
28177085,
3343156512,
879561088,
3549665374,
2606715739,
1381465832,
3902811473,
1628955506,
4038548127,
174035816,
2601058039,
2897078583,
1280449914,
2348126486,
3334181669,
3531445999,
2520821100,
1070043650,
1734106364,
6274762,
1550435628,
4003825155,
2470421333,
1554389354,
1596881279,
558485266,
341469206,
3424613543,
3794528818,
2092309903,
2500153884,
2131904842,
3053408373,
481198997,
1874197786,
835953271,
2615988617,
4048619343,
1503923476,
489983453,
4134999420,
1790446898,
3617404992,
577268079,
3774107200,
2007899941,
1922822283,
34806010,
668722840,
93247417,
2779195276,
1646906967,
4227056398,
3593981312,
1919727993,
2543219720,
256763021,
966743558,
3428514214,
2540224461,
1112976236,
530536271,
454934523,
1303478786,
1942345017,
2251968138,
2377804110,
305661529,
3102269588,
313812128,
2591875756,
2274219645,
2409909302,
384674632,
4252940240,
3091542834,
2089660229,
1696508422,
3000264978,
2040109632,
3113849706,
2768591644,
1692524984,
2264417821,
2024137258,
422770851,
343535706,
2125140101,
2898622127,
1697093274,
1633890866,
3782099190,
3175887832,
1323865935,
2770454321,
3616854049,
2294990651,
3881177010,
2207965115,
1156493309,
1631478015,
3164835921,
3080598395,
432053767,
1976792370,
2848749003,
1994711327,
3334864568,
1007513418,
2868939601,
489123287,
899908406,
1204740623,
3927218589,
1390229233,
991005421,
2891329010,
102287439,
1597788235,
794167509,
3713577389,
1196807346,
491554355,
2231855277,
2336252537,
4098638506,
843050274,
4199627889,
855073064,
2615845072,
154635104,
703621436,
366590247,
1460757365,
2562976508,
2450620520,
209069566,
323835524,
1845274475,
2560134966,
2415623504,
3394448798,
563823857,
98332948,
3222417254,
4272509514,
916767152,
3000501627,
586253885,
1237658906,
826508902,
202701879,
2018377867,
2781224563,
3769358936,
2782248662,
2980778215,
2243179907,
778059286,
134573720,
1985537168,
35578805,
2696816572,
1073154853,
4065771123,
849510836,
84785976,
2267804526,
62290987,
2879377894,
658545158,
3546954809,
99268459,
2153327100,
2258612945,
4047644624,
1508010502,
1294518252,
1365719106,
1493383254,
3938356832,
912186660,
2442432439,
56062951,
2134803325,
248403138,
205706252,
2242108766,
335622360,
931859981,
1572602126,
3307930792,
3263922930,
2878928500,
463640649,
3429769577,
3923044050,
2649124051,
148000556,
314896943,
377513120,
796083986,
2049642501,
3850800947,
437492028,
282324347,
2563860610,
2193287729,
1681995119,
925887007,
2876562892,
22667833,
3439946692,
267105398,
2184508221,
2810828645,
3212481171,
2142999002,
4169374695,
703426605,
4107324714,
2856142982,
469779458,
4065414689,
3821572836,
3689160370,
1592925879,
88310859,
637641492,
1230119806,
833853402,
493077738,
2444665262,
1471966551,
2569636823,
1673548243,
428696244,
3483398491,
868463977,
3693577077,
1614895654,
690664052,
1361718815,
2590392264,
929328350,
3669207619,
298860539,
1001117185,
242812650,
2424472671,
489133514,
2909712652,
1217604993,
307132278,
1675126598,
2274257879,
728806584,
265199120,
1056240474,
914142024,
556433846,
4161603673,
1361046276,
117048613,
4059347815,
2400690781,
4241100663,
4229587616,
2876633983,
2166080784,
3107085472,
2658751611,
2354662945,
2443358507,
1255804136,
2690547418,
1006583719,
580905342,
848172474,
1480672627,
1364956318,
1374401636,
651316472,
1710304893,
3027257963,
2174047756,
1025135939,
2935865923,
1709719637,
3837760029,
3187321532,
3811272833,
2766707055,
3845673498,
2359756192,
1309352624,
1383438608,
2842057050,
2951838001,
373817879,
3340167528,
259973672,
2740570797,
2494224395,
4134932640,
1090641224,
2566310790,
1993063991,
867097967,
3496532249,
2221125228,
2013673546,
2193651004,
2736149330,
3241566806,
2813017829,
2407041629,
254080908,
521274452,
1942938198,
2746312352,
2825437210,
3578893983,
2334750596,
2666938031,
3084194438,
1981999972,
4117109648,
1791085306,
1634456845,
3427389683,
354643898,
952057365,
1783211200,
2819575639,
1515702694,
1382025857,
193388663,
1816135197,
2947687949,
2177199065,
2237621528,
3341656106,
3879263528,
1022269686,
2642195848,
519408442,
1326244887,
4041883724,
226991796,
1153429019,
1320788820,
1787142935,
753234098,
3600015643,
1210725728,
195287327,
3201148180,
4231437739,
24671686,
3732944807,
1697523528,
3233869094,
3066956678,
3908073542,
1182124084,
1570323215,
659434058,
2231406694,
4046347786,
585578054,
232225250,
3140352673,
1960552100,
1789046396,
3389127421,
3021238576,
2437237185,
493044363,
1099498467,
1527439757,
493764705,
397664116,
2946666500,
3149150393,
1944464848,
4273421118,
2765074517,
1921155662,
882689421,
1277084928,
2268400404,
2737811574,
2371164570,
2845148053,
2236343634,
3138021334,
1266837028,
4254703876,
2312119411,
498884791,
2186715326,
2169733197,
3023989990,
628644230,
3676896359,
597590317,
711639229,
2368284413,
3019253317,
645024924,
2028002771,
1618127947,
2314707830,
463919955,
3838567946,
105102044,
3355941276,
483520300,
2506964149,
3193120380,
1205049903,
2941951272,
3792843164,
715897039,
3875892815,
1229515713,
2730353069,
4139877182,
1281955701,
1380440071,
3735064877,
408482798,
760038180,
1709296748,
3408055589,
1515025200,
1252255385,
2698978442,
2104763497,
620107633,
1135712705,
94744422,
421065208,
1421768918,
3360398755,
3554568524,
2134464115,
2165549543,
618108304,
282113350,
1282429409,
2626601072,
1742395756,
3028004116,
3439671170,
2335810852,
596876934,
2505301966,
2389934434,
3226161716,
3619200718,
2541406037,
1240032877,
1931884400,
3788049413,
1705553763,
3816716880,
2223047701,
699822070,
3208246583,
2364247363,
115453676,
1025030260,
249360651,
690001730,
4267097671,
402639326,
3355944293,
3990595969,
1300443524,
2709532081,
1784051764,
2476060042,
1683764287,
1728225216,
555192684,
4102524458,
3110094221,
1260704000,
3395441963,
3195707188,
2596094811,
3054891286,
2548712249,
2596681259,
2731379200,
1226889500,
2966390260,
3243502244,
2370856222,
1982368124,
1731555932,
3579727880,
3604948766,
1821604685,
823740696,
567421468,
2178219142,
770743342,
281125576,
3738905824,
3428037191,
1369571625,
3839529594,
3685228954,
4076057762,
4058031337,
2645374283,
601651505,
1994714182,
456039959,
1632506187,
2456279632,
2714091441,
3638243198,
1639104002,
2303043833,
1444732120,
1531933925,
3305170196,
527242287,
902855107,
183008816,
637050355,
3082051858,
4043652679,
1168577567,
2752960658,
3976337532,
3826677371,
1158246178,
1406279263,
937847821,
2354730405,
1580179576,
3577922340,
3145905228,
3786497682,
547983917,
2344127864,
2802760324,
1211130239,
2274354182,
1008818676,
2173397400,
3176888048,
4123097434,
3064178672,
4062690318,
3061106800,
623593547,
128890222,
1768144465,
1316340296,
1291853238,
3938147723,
2756693540,
853817884,
558021232,
2414968008,
2344776163,
758229999,
173510436,
3243991626,
2578740302,
629277610,
1909933117,
199621133,
3525593231,
4269868386,
3641829648,
3225430387,
2654179162,
2842112833,
1964836742,
3818788972,
1259885656,
3302968583,
260571952,
2177918719,
3315447236,
655550279,
1918954756,
1153812595,
3066327073,
3045880706,
2424499938,
1373572465,
604115049,
3019834058,
577730629,
3627714487,
2880592248,
1355546671,
2533075081,
2638179859,
1760787567,
2369119830,
2120158554,
1788421798,
3268530435,
3232594321,
1192066995,
2374563267,
2250072963,
3625068383,
3465938583,
3489281610,
2966586373,
2260817414,
2244814496,
1672863465,
1107406424,
2947377780,
1204755219,
619407913,
3934372591,
3392791138,
1071604822,
3641575076,
4235529771,
2416924532,
3751007485,
2441591876,
961522807,
2424294062,
3211542042,
714867051,
3424253076,
2460000276,
3610548918,
701973547,
2301341089,
813142461,
620168788,
2719621203,
3557408564,
384940784,
2281835063,
2518251902,
1666077449,
1622790742,
865513139,
2080836890,
40572699,
3573473312,
639662441,
555384788,
24102566,
838910405,
2905991414,
4194605102,
3035376202,
809529056,
3009684112,
3425361558,
4045850691,
3337613167,
1204831871,
2981260021,
2088056553,
565154463,
1808843902,
3064181401,
702185222,
33947698,
3696016634,
3308212522,
937435720,
1553795128,
4258997125,
2056012656,
3574936459,
854099571,
3248865576,
574220349,
4282975849,
1241368921,
2898728939,
3667223123,
714806368,
1563323150,
2448284224,
1648699476,
1794234846,
1098274637,
2024196907,
1178568030,
1587467653,
610426851,
459301136,
3684113152,
3020274255,
945762754,
360346154,
4045982825,
45705985,
2767000588,
3243134582,
3721997933,
251820818,
1061582386,
492549079,
3826424155,
2672149691,
3788101524,
3460518895,
1394454049,
1729765644,
2543455443,
2123696622,
1815484439,
3803364685,
270473144,
2075096892,
423903700,
2167643347,
3493480606,
1146921591,
832318762,
3728595165,
1080588197,
3175625334,
1054812728,
165479368,
2911027090,
566715927,
1059353895,
2744939617,
3743807010,
81919854,
3407439782,
3091717145,
2137908628,
4138109674,
516101161,
2289966897,
1207263275,
984755622,
3527904877,
221775789,
307637818,
3868094035,
1505805195,
550396603,
3165562060,
3506887308,
2446840322,
1324377810,
532766933,
1300512894,
2320800952,
3136919487,
3785800823,
1676842958,
3333791703,
2055559320,
3843000177,
2684666748,
3960891037,
1223051845,
4030539892,
2487621741,
1535201322,
986415202,
2677057043,
1154784524,
1859673624,
4189224094,
2799900308,
1502207400,
1348110206,
1846236785,
933661479,
2456480109,
1391229841,
1217868414,
872889349,
1377603930,
2563694150,
679996461,
2639284229,
3365998706,
3610991736,
3379187672,
3224278593,
2610204223,
451185261,
1577681429,
1353821092,
1360172493,
3952469082,
4154850006,
1030240156,
410297659,
3765024260,
250519921,
4267865656,
1793016596,
3321118053,
2152732900,
1590555999,
2022018748,
3758625558,
424894002,
1027899116,
1015160763,
2025594914,
3684908653,
3811197278,
191280316,
1599432981,
77802154,
3361094753,
3171521434,
767789827,
3504223358,
1638797329,
641048026,
2275430665,
173243001,
3453497912,
1657307924,
2444078881,
3841161320,
2506073434,
3083994924,
4258610744,
2954022160,
1406278818,
1087410285,
1852559273,
1047404997,
3354396589,
3326466072,
2253868683,
158580071,
1484757834,
4058864529,
2735389288,
3728059792,
3884024881,
3711160848,
3121215623,
1163768073,
2424037671,
41737699,
2085483041,
3931910852,
637292411,
3614167874,
1144618420,
2716822389,
2836539402,
2990316082,
3301953045,
1820066427,
3255006729,
341473802,
1267448389,
2452363175,
97340017,
113761272,
2885566472,
610044366,
3087344250,
735240808,
615823503,
835874116,
1501081533,
4149025683,
2579574640,
2650556146,
924658806,
1885667840,
1396057653,
229800337,
3456209793,
1795253922,
338280809,
2385523888,
1096088888,
1296544163,
1294468041,
408578339,
1369139326,
3632239119,
2609924377,
3433533116,
1814923364,
2364017046,
648162853,
2841587844,
2144281715,
308995229,
2709731285,
1849513804,
3528087751,
4133869643,
1650819304,
2292231211,
2089933317,
534226461,
1309877882,
841203250,
3268022836,
320574443,
3379466794,
2841204351,
3154217378,
3313291824,
1769155849,
4231397847,
1878057263,
2729486376,
1516719168,
3421890167,
1727435841,
2288507775,
2078417432,
2081465626,
598415946,
2665468346,
412041844,
1162655320,
3299034421,
4079476347,
4208716410,
1865613582,
409771540,
411026199,
1844277792,
3566595268,
1517602311,
874159711,
4123864917,
3430056774,
4272208686,
939502057,
2726454306,
1785802469,
3339750863,
542289243,
2243135078,
3457140797,
2406676199,
938295114,
2624192763,
3143217662,
3910838128,
1010012353,
3230270142,
2111353342,
1487025169,
2710036520,
2770123181,
3440034715,
2208031812,
2571439501,
3350738974,
2441417562,
2625024996,
67531833,
366848947,
4250147350,
2613367677,
2073589168,
2394693136,
2781705428,
1911872538,
34863104,
1982924232,
1404582000,
276870873,
3289791576,
1976675662,
2933985101,
3778417515,
2768910679,
1970923976,
3863107375,
1402734278,
1583270338,
3506974635,
2433830853,
1007302298,
61493519,
85615796,
3512095927,
960030858,
3778653824,
134465231,
3396495866,
1890043666,
694439544,
3557830859,
2017933645,
2817023594,
546711306,
4265877034,
1284488412,
344987130,
2261297055,
919068174,
3648287284,
3094859100,
397531958,
3807714318,
3334197942,
2924404594,
2812943382,
478621083,
911118642,
4202463075,
2162194106,
1146389752,
33947278,
2673433401,
1451640389,
3302511053,
201650465,
37052513,
3775125130,
1558233158,
1922917943,
3894591543,
2666940272,
3786528239,
947874649,
1632023871,
3436468703,
1354195508,
4204077641,
2166539715,
3904926771,
2545452643,
475453543,
3235714964,
946115471,
4115047480,
1875821326,
1313031567,
1362265466,
1076979680,
3984524321,
3802951023,
2676959742,
1774267838,
625381701,
735491265,
3953254282,
3061630193,
622159602,
2619229465,
3816866938,
3407525836,
3956396429,
3070095659,
3152276758,
2866354529,
161241206,
2055324923,
1573459636,
2870691742,
938315428,
4172396433,
1309243321,
3940509376,
864697770,
2648457584,
2847005093,
3946363422,
2059358937,
2628010617,
2013499866,
3469634960,
1440462430,
4286011848,
858648677,
3192679282,
85962632,
3701488046,
4189260151,
1063881081,
3405219874,
2440115872,
4222840216,
1882305169,
1627607056,
3458865957,
2700232422,
662111391,
875983909,
2326038382,
722334217,
759123735,
2891003090,
4091222030,
4228588846,
39813299,
747704095,
1435399357,
3363574139,
923689923,
2927271957,
1084499379,
1768032468,
1585061483,
494699867,
2441479870,
2179821131,
1959911705,
2926498752,
547322978,
961598856,
2338592825,
411400836,
3282003508,
3266362517,
2592588690,
3353681358,
3351123383,
3614234117,
2791985259,
2799568938,
3739338812,
1069016730,
3086927222,
2046853265,
510559823,
3844458084,
36151713,
448216372,
400792924,
3357802553,
3156692820,
3556310806,
1190219381,
4047265553,
374151471,
3455606912,
2202872943,
3411588505,
299034337,
703304587,
831127849,
2273260661,
4075488326,
473978678,
1544338435,
1661827354,
2210640958,
1684206348,
902737487,
4053629511,
529782556,
2678950308,
2017717781,
2952614447,
1397847052,
403598905,
1302682660,
775750959,
3225578884,
1674507306,
1715136417,
142987536,
3037481557,
2860932151,
2319825946,
844493791,
2290618036,
2932876955,
1972823912,
721821717,
2446188831,
3924591031,
886170265,
479018738,
1292024798,
1941456576,
2317821137,
2041052523,
273820892,
695337695,
1188919597,
612170401,
747026569,
609530418,
2515684898,
2977700735,
3094967319,
345925112,
885934431,
2482927969,
1276164431,
4163987202,
3542783309,
884482,
848534592,
385853550,
1081958231,
2127588623,
257889180,
1128139846,
169301028,
3522498170,
3111630994,
3616248193,
1542984217,
4253587522,
496057272,
145628549,
348799353,
3012739984,
110995737,
113094672,
2053537557,
3928280085,
1008417044,
911218073,
2418249258,
3854721155,
1518725692,
3272067497,
1223969115,
946661087,
2786794445,
434671724,
2731894347,
2653849496,
1462931038,
1317268133,
3345757559,
2319382042,
3247514963,
3734875206,
2208003354,
4040052279,
2145585603,
299879156,
1909442178,
3634026198,
1644549258,
265380437,
2458207345,
829406862,
1900746094,
376529860,
3692383693,
1538731073,
2072852162,
2127637565,
1780224169,
4084660673,
1489620083,
660807685,
483315985,
1506217000,
3272179231,
24293111,
479231298,
1418015820,
2117813579,
565866542,
2836697821,
1777526127,
1674236440,
1664766158,
3855801904,
2810455590,
3099847814,
2004322111,
272934519,
325597088,
2412208286,
575387029,
2713093004,
527851048,
3500808229,
1356234435,
1686836330,
2126465652,
1500347276,
857680078,
2168333613,
3295715579,
2601795753,
3032289358,
3569639426,
4097052314,
255205417,
642454815,
3104948073,
414139072,
494909234,
818532074,
469331904,
1599607437,
2293013866,
386406324,
704535434,
3411173369,
1076558920,
2452825626,
2652687147,
1342593404,
4143437176,
1542391858,
785908612,
1486521093,
593443082,
2753497697,
1183145735,
3811376686,
2901739390,
4073740591,
117977572,
1918102818,
2618807564,
2370937543,
757807660,
1332310095,
623512524,
383128947,
650771182,
1768848514,
2461379221,
905841382,
3334002815,
1045658947,
1930641711,
1127545514,
4018359518,
1153721381,
932138914,
979171370,
3491498152,
1225257486,
2116027802,
774827322,
2287560099,
2887688024,
2341120264,
3039858425,
4203792406,
2016369619,
349434276,
1321434008,
3529511290,
3728141167,
1890993285,
2193031249,
399677252,
104661523,
1460405358,
3996850240,
92610639,
629251030,
295859514,
3478497719,
2092257220,
1208167508,
437146059,
2883859402,
483715776,
36254592,
1514147384,
942977720,
586703367,
3553448078,
2452553827,
2033865927,
398373266,
1431282945,
3858438666,
3459795602,
757811514,
2274832311,
395778585,
153627006,
52197204,
865653533,
3263105187,
3457091780,
192593456,
32456223,
514008661,
1649806043,
501567405,
2079314905,
1672045881,
2850830614,
2457044591,
3598591129,
1799968259,
486245737,
3138400201,
919050647,
3936759890,
1581633873,
1231785547,
2281858380,
3350888472,
1512844577,
3592589792,
2115054267,
2366564432,
1942339652,
3999544389,
3983262494,
2476900313,
1159591217,
2279154786,
3127284817,
356311601,
2871451658,
437237375,
2700568651,
738029948,
568099836,
781336175,
181229547,
799058227,
3870709085,
1643703861,
2871031701,
2389122911,
1254821501,
968008738,
3307821518,
2352934281,
436893871,
2019355929,
3406224579,
1443463307,
200570923,
2860466407,
301719566,
1734862411,
83334285,
4192068781,
2382597993,
3946503603,
1674087545,
3718332500,
3425456842,
2061503880,
3845851411,
1581769844,
859795320,
1675819799,
630803781,
2302436422,
4045798963,
3311328156,
4133216090,
3861811818,
3730560815,
3908669487,
4216575873,
3698465166,
606298870,
1893113383,
291994759,
4213998116,
4082426331,
1330823980,
272776494,
1181489650,
2150588644,
2921242328,
2342262142,
545211195,
2718528847,
3958915035,
1347360225,
2811654996,
992346900,
3500194067,
2989000965,
4247486953,
7125946,
3438972046,
1528850588,
1929389637,
1118007800,
4183141720,
4181494811,
489413086,
3659300573,
3381549281,
3645804985,
1132542933,
1568499470,
2735915928,
1884097606,
1826834639,
1419382109,
1606843981,
3476829892,
2244051131,
2469847190,
1983840568,
3038526745,
1528783975,
3211851475,
3548768118,
663120165,
444545246,
3041325677,
4185606513,
3995913420,
3250528609,
1757456526,
1845310088,
338557124,
3745680998,
1831412108,
2228001946,
408141862,
70303693,
4069544,
1033016481,
1820370001,
4289743366,
3904088910,
824033441,
3844009792,
268942141,
1406742916,
754949152,
1017815370,
1871012732,
3141104110,
3590442571,
677810114,
2174184336,
3146496685,
2267178139,
3068201745,
3120059196,
2726525848,
1679273369,
3928198728,
3061637806,
713549432,
4143966267,
777326873,
562777346,
3049429755,
2354258307,
2954471736,
431398311,
505993567,
199443507,
398193928,
152432642,
1984765800,
1131066855,
826001552,
938189213,
3011772546,
3989641827,
1115343502,
1924478571,
2856822644,
3239329908,
3297108626,
633339854,
2870888562,
2747782185,
1142965677,
651850660,
3688655748,
2256014520,
4205155887,
1843580149,
3602002178,
2007328414,
1892458404,
2239921861,
1899984871,
3909561706,
2391219996,
1766758434,
2225938371,
2395262826,
3706128347,
821997488,
3913277705,
3524161333,
1497350747,
2770738464,
862188742,
1225032055,
3767833367,
2260814990,
1807391759,
2736876340,
1113942749,
2212260132,
4263508130,
794311480,
2480422932,
4277412839,
1032967289,
2294027081,
2911253804,
2074721866,
1565597273,
3834248048,
1288618863,
483123033,
3597569359,
3061161287,
39184802,
1370889893,
3324191116,
2777788013,
696086869,
1234877101,
1056058408,
2178448428,
1730339506,
26512391,
2193984732,
2207686972,
1382426833,
268959784,
332487604,
4232323608,
209445533,
2417627513,
212618962,
2652631570,
1904391712,
1944069834,
1151783033,
4010277328,
456344399,
1910663526,
268615368,
4048629164,
35326856,
3474060071,
3574625793,
1910453250,
3141757181,
1622493881,
2891246779,
1175926643,
2763606153,
924119286,
2621211958,
1646955974,
1189889967,
1941825410,
4239321377,
1707412533,
2207838628,
282806053,
3396099533,
664115076,
443404581,
1804584325,
3334592071,
1659693621,
1084499007,
2431162896,
1012870759,
3707299361,
1856669962,
3176970185,
3680716768,
1129394507,
2450592002,
1104752651,
1389928104,
2300793348,
1447667846,
845388394,
1729047240,
1361305902,
604694210,
2368398238,
3814337868,
437468946,
1295495737,
4021354762,
422489895,
3411945705,
20088072,
832033382,
2798933751,
537792456,
1932798813,
1386421128,
2525257451,
2529659478,
1160392801,
2918950304,
608158188,
1537020011,
414447410,
2573848108,
3593021959,
2334192121,
366529903,
1613586465,
3801898392,
2250260343,
2589614831,
1729549151,
4119179861,
3952702737,
3183955288,
3747437867,
3797826042,
1343866936,
3126453916,
1493981098,
2401767837,
201332855,
2160450696,
3196668603,
928050201,
1271608600,
2895804244,
3835297823,
2295022681,
4025409364,
779130489,
3146328947,
1229463555,
2438394809,
4141251630,
1448635350,
1001535123,
702797595,
4076441226,
3509921,
2159664275,
1080310602,
4194912344,
60759927,
1138848829,
1978678452,
808408996,
2800784108,
614271554,
3105794296,
4113790493,
896915844,
3921100890,
2394340766,
3138501455,
3774686479,
3791585803,
2124900208,
3431488118,
864084284,
1934109027,
2364555572,
4006720826,
4015465890,
4099830047,
1470177448,
229981631,
3666533443,
3705448946,
3898855499,
1565443446,
3622152740,
4117274280,
8283363,
2389096216,
383076287,
229403813,
4215261323,
1562565672,
1779162811,
1889049096,
216402520,
3605582652,
2066732025,
298133599,
943773227,
379613802,
2324836667,
2094330169,
1460168866,
2106420574,
2736052622,
571945422,
1798510541,
1276436941,
3546398615,
2848671631,
215865099,
1695440452,
1219817728,
765161489,
1723076957,
3773447346,
2691382290,
917375306,
2272662215,
1766708742,
4238844300,
1103461798,
3156723072,
3421982155,
2831028609,
1461489508,
2737502880,
2743374250,
28798178,
133225619,
1655775365,
3910769504,
2620589016,
2870658826,
2097785347,
4040376941,
322225741,
3385669305,
3154245369,
1027373758,
2982143827,
918260014,
3434369233,
645019941,
3505932545,
1690331195,
2621232321,
1355282817,
1202791741,
1942939082,
3969328545,
145915891,
1358877204,
3791704128,
2991346739,
418830024,
1383719688,
1913900016,
182288837,
427599489,
3179858506,
2367522955,
903257503,
1545864054,
3442963298,
991043432,
183005173,
1838380164,
529724367,
2667189367,
385282033,
776995226,
205298212,
2642875697,
3313902781,
2849087106,
1591476249,
3279057957,
1270561505,
2033215556,
3054924631,
1272309523,
1571932719,
3066297895,
780556022,
3109212943,
216926969,
3404292448,
3521049825,
2982693203,
3173734710,
1439681340,
820330213,
703393192,
3821166728,
2062631699,
3105261152,
639487552,
452951384,
2569280723,
219034667,
2976027644,
575170705,
1006183727,
3059442149,
2728936972,
2341677557,
3672371073,
2086489219,
2609465956,
1290039902,
2710331277,
1008532146,
1690130186,
3431593488,
2551265451,
351975519,
1664929435,
637789198,
3735764676,
754905935,
3038848324,
3005691480,
4207827984,
885771644,
3905138554,
3881757764,
3216205834,
406079264,
2563804265,
233404013,
3127864762,
1080735507,
1520692683,
1015571348,
3077126838,
538360182,
1061007811,
2503372234,
2469177839,
328655712,
1053673812,
298590061,
4259871901,
1495619295,
3455004798,
2477773578,
1273143841,
3478352147,
766095515,
3793942636,
3318553673,
1909248655,
4276292697,
1354708067,
2248346702,
3501355768,
3530139082,
2891879439,
199403680,
2712149284,
2047094251,
4064280866,
1624946017,
3832739121,
2854811649,
717508963,
213452839,
1149402555,
93359346,
3119352067,
637723789,
926309408,
1278686308,
2198167166,
1775444088,
2640586596,
2168060200,
3790662774,
2826886503,
2741298969,
3179358894,
1228680445,
1654009419,
3308562874,
2778341084,
4279458272,
3493666071,
1349880137,
3524383981,
127970621,
3701318484,
3924348992,
1951598164,
3060906590,
3981929577,
2010903439,
73462841,
188728682,
297588346,
4238810295,
1035642677,
2906997628,
2906974555,
1171672378,
2470066239,
3295890073,
3533126103,
455385940,
673743448,
1763912564,
104763254,
1178674962,
2904526941,
2873554976,
3907309320,
2959806926,
723353193,
2496571696,
427755629,
2385895694,
519865645,
3969267593,
3469716906,
1986136444,
1804976755,
2272827163,
1804792657,
1301805780,
2974755770,
3500092080,
2618694959,
1841521788,
776156042,
3304832671,
3556010811,
1707798137,
1663214627,
3174045884,
1173180797,
2322071139,
62341803,
2270423114,
1160754226,
334415070,
2523696422,
3657020737,
3102839968,
2599737973,
515451472,
3617374284,
2710419606,
1445083875,
3261059949,
1213553174,
2779584445,
3740569720,
2571921465,
3769803804,
2095984086,
1045472717,
2439310007,
2564445446,
2878516659,
1889585570,
2107788840,
2775454911,
2915119305,
138744978,
269586389,
2432556911,
3518294576,
3690709042,
3792039830,
2676155189,
3678918795,
4050340292,
2418907666,
321990800,
278237514,
3591254549,
1992147553,
1871687113,
323052480,
309014323,
1626726416,
4077565808,
1560921216,
910828460,
4010572073,
706341189,
2080743245,
3067757469,
3087888552,
2260056140,
4144192365,
836578928,
2268675265,
617374913,
1388797456,
464145499,
2376556069,
501188976,
830988612,
2377425761,
2511602234,
661567018,
1940832000,
3299377466,
227777208,
3302388274,
873169981,
315438199,
3449736862,
2801889370,
657100330,
908207311,
3029002778,
953900736,
3376786502,
1900687453,
910071058,
1209366768,
747729597,
2163404808,
1232967778,
3172060312,
3359906714,
2846137692,
2743000341,
3751669815,
3861357485,
2440959142,
1068030853,
2739223221,
2694992392,
3563668082,
1237160962,
4122868535,
1805232823,
3834847560,
2485122642,
1806268737,
3841946852,
2385616558,
1216643066,
3792999620,
3815667928,
2577040462,
205684280,
788051557,
160074462,
1507854956,
1343851653,
2157736111,
1872349027,
3901368377,
2826740528,
580951756,
3154086757,
1867300492,
1434313772,
4014768260,
2309845936,
627096932,
2793698856,
712058934,
1666374428,
2772524253,
794003008,
2701449495,
3403113328,
1395967251,
1223241016,
1775667908,
2770931217,
2890306820,
811607868,
943552287,
87287977,
1596546272,
3528855534,
1938468277,
3967569035,
2874606988,
2686867569,
1090992376,
3205666449,
454356932,
2605212751,
1825763653,
3582745872,
168891053,
900929448,
2073991779,
2927335230,
3426560177,
844953669,
3323004205,
1640723032,
150275374,
1105381370,
4146157142,
3777457743,
806098834,
1851210441,
3496138075,
3581599328,
602866296,
683488060,
2923834032,
516433036,
3392223444,
2696443516,
2847194548,
1482814177,
2321779277,
2367117240,
509249358,
3318666132,
513280141,
1599651086,
3690173318,
226383516,
1788233741,
410523003,
1213140020,
2738458082,
2232487260,
2678376021,
1942493425,
844470195,
3878851550,
2950554871,
3386208101,
580011284,
2231678530,
3782351447,
1463748537,
1967927669,
18444116,
2603125863,
1447041588,
1289577603,
2433953965,
3259176944,
275673445,
280742059,
1216287882,
205105455,
1890667653,
1839436049,
262680744,
981803022,
3523196504,
840904858,
3306746930,
1343068988,
151489412,
633119680,
1407929501,
4064098233,
1872476228,
3926503761,
153348129,
2604670464,
1273200954,
2184865540,
2161647934,
2555694460,
4257706800,
2840734010,
399765433,
577214637,
1527517543,
3392924250,
2315334343,
1409917575,
2552663181,
648097536,
2014187172,
462000270,
698141529,
802922808,
2163549351,
970980640,
2597744627,
4005465449,
2023069774,
1832565935,
4112881781,
3017980592,
2405209107,
648326436,
2221874070,
1993303866,
2420048867,
2987247224,
1244033227,
960556498,
1202855242,
2887942301,
2264435046,
1874690616,
2934130472,
3080869135,
545231706,
4260636696,
868323383,
1214109293,
1085549474,
1275271871,
512805476,
107997344,
2595974302,
1158917900,
1078007743,
1331831899,
3495045950,
335009493,
4080011070,
2136757889,
1788131404,
2204271985,
1326906529,
2384235334,
3172397677,
1866864940,
2967487450,
2815166026,
4240493191,
789265207,
4024539796,
2688014258,
3593021283,
2378151486,
1524346035,
499134722,
3763120778,
3557561385,
450096042,
3169325184,
1549541159,
3081410150,
1336180469,
3201292144,
3209608122,
193355143,
1116363778,
1911056734,
3048506396,
2464418882,
3580817027,
1132585386,
3672141305,
3919393053,
2280106885,
3126486373,
4066825088,
767503142,
2901763664,
4202095214,
1576844708,
146046019,
1253214091,
3614743556,
4139614835,
3151485557,
471815156,
1877628760,
2163193188,
4070933746,
762212274,
4063440976,
1842847867,
2214628812,
3686610565,
3665273564,
1578494788,
4151398973,
3335564816,
283285833,
2777945189,
84985866,
3089096566,
2090643067,
2052303620,
3426773578,
275277237,
807826272,
4274333488,
625246245,
3718423483,
2728426379,
4250113038,
2109766639,
1266854451,
273062618,
695860301,
3780852121,
559806774,
2743273599,
481553705,
3680826517,
3450673293,
148748827,
2936398106,
660451484,
3520657148,
583131769,
1673941941,
288782364,
917770677,
2424093268,
2730981398,
2935363066,
3757905091,
2712881484,
405985696,
1516280110,
1417266305,
2173301639,
3455553918,
1958096921,
1853378524,
3413323374,
2973786014,
113632127,
1481473025,
1665275084,
3350963070,
3843692575,
582409260,
78386384,
1109220700,
381242817,
2841671466,
395738929,
2306716677,
3484815934,
4079128515,
796460817,
748636707,
2518523567,
3336513422,
587841320,
3121444297,
778502872,
819939669,
2167409567,
1853073561,
2229375092,
322782762,
764767424,
2674407983,
3606980944,
1414056004,
723380697,
792276511,
3467995653,
2035903268,
1024395720,
2263113889,
1594560459,
103467257,
2281934027,
1407930807,
1108496402,
2944088627,
1560199075,
3505914821,
1039012519,
3826941699,
1575496068,
1421178940,
4104297932,
1602547818,
1442188622,
2710618427,
3132148021,
2163703176,
1307666801,
1176599334,
2755836264,
761534216,
1591850390,
3787260085,
3548236403,
4212723821,
3124321809,
2668926736,
1024115992,
717603315,
3442011225,
1118035536,
1341721187,
2559252391,
3161779157,
616606055,
1420855878,
2254836236,
3442666570,
2256025329,
3700727780,
2561638730,
1521742917,
3414831183,
452541643,
2562113040,
3570440160,
4202184809,
856888370,
2344481761,
1616701548,
356856102,
1540413078,
1210680488,
3207721365,
2709507688,
2560915295,
3978211097,
3198916603,
3179695458,
290673068,
922379921,
3616209967,
2203535783,
3806678844,
2231820658,
1993583078,
2581815343,
3591191475,
930416551,
2154276244,
3733926351,
3748445570,
2788318910,
2141602879,
3635235048,
1032493500,
3859501592,
993133242,
4000071756,
3153137190,
3038978688,
4238143198,
2092000951,
600832368,
3596040462,
3529902174,
620868632,
3834604012,
3440806413,
1988084573,
1880939421,
1084512139,
3679433207,
2172034690,
2423391602,
1913317997,
3204061265,
1746554174,
2425935602,
1643321674,
2853579336,
2446446304,
3289086841,
3541738672,
320880494,
2116814131,
2115374070,
2920191231,
2744194321,
4209600030,
2310279912,
2741858340,
187831002,
548605230,
1352436931,
489471820,
1472410034,
2342235596,
3258717807,
3139121698,
1787345757,
4176855474,
3848162824,
3464716746,
2107512863,
2506667128,
2178765054,
11933766,
3690872083,
2513633978,
481692520,
1240534614,
3305148958,
4248585083,
3050350554,
1034525609,
3068230298,
2134125886,
3058076074,
2196034296,
3856461400,
959383343,
2192533670,
166281377,
900379177,
3381656526,
2301111526,
3309975896,
298304280,
4276821663,
3672121528,
1971338054,
2951191087,
3724358282,
1485152537,
4030920021,
2597791161,
4134298148,
4172990781,
1837847391,
1961316132,
3487022087,
2129279957,
1244996867,
2794414701,
1947686320,
2555318372,
3536227689,
2964577835,
1291837325,
1556869204,
1603169413,
3480846528,
2461307533,
3234782334,
1770252917,
3603826668,
1073678616,
3197259204,
29037958,
2923428786,
1301684999,
1243950968,
3416000459,
3524535930,
1935858995,
1984590955,
1073752910,
3588698327,
1900141904,
880639482,
597964954,
124910908,
854764506,
2060106958,
765619046,
3871011438,
2516216686,
4122593898,
1832525316,
1209390662,
1106628686,
1481360623,
1160768744,
3174724618,
352035440,
1749803552,
1982339637,
4184341114,
698509068,
1610208898,
2504899064,
2782579769,
293403806,
1831849280,
253336129,
3983023690,
3151800017,
756663236,
2962622324,
3379498683,
2571307132,
947412600,
2180364578,
2569688764,
3819913029,
1799973918,
2080238109,
1247253315,
2189343100,
3491356292,
345939902,
4072991809,
136949996,
770275678,
512015989,
1181084684,
3459566079,
3342612059,
2867499302,
2275980001,
2068766758,
1588614664,
1469305546,
3311358596,
3802779872,
345738934,
1034203550,
1171435443,
3054852363,
584027953,
3796172318,
1430529408,
3790923341,
3242382398,
4222391374,
2900001455,
75878373,
4016654233,
1373711110,
2644687212,
2524714839,
2901210355,
579329590,
3280623165,
3704396924,
3653939310,
172953600,
3559463978,
3740209362,
2349882374,
1628284707,
975368945,
760706239,
2277642037,
2373404047,
257912267,
2426411068,
1758582341,
3162652900,
2502954120,
2521583448,
2931782443,
2112476554,
2790149706,
4162768536,
2966046865,
1014446680,
3070291297,
2262321760,
2345495338,
3023901456,
1554629390,
2586125853,
3195841876,
3823023801,
1856753550,
827151969,
3184947962,
2420996856,
2151164222,
547361878,
925487766,
179969060,
31094690,
2936853768,
2315058090,
1373256784,
2091220110,
37793950,
1950599435,
774829412,
982721110,
792784602,
1805039902,
3379986886,
3893624877,
648096506,
2358507880,
1270506636,
2543133396,
2269950165,
619927395,
2644692558,
951943308,
2658359305,
2225391282,
603836378,
1612160403,
714573848,
2558158392,
2741704843,
1290437662,
692770330,
3432515655,
15273604,
3526764047,
711017026,
3438148315,
690627103,
4144844341,
876440099,
3240621296,
695601418,
3835174106,
3922395974,
1174930048,
3340224166,
3829544518,
2739956762,
963674837,
19817236,
3946412872,
2230803885,
3667281096,
4256216011,
3969894466,
4024044855,
976007206,
2263555936,
435767701,
2179056122,
1631281400,
1895657238,
1931657821,
178249218,
3552351131,
588046864,
4115938355,
3909579413,
2783980830,
1775079542,
1163180305,
27525371,
1247750569,
61255591,
2310155919,
2128188488,
1244591887,
2003141082,
578659887,
450477209,
3436389021,
835616174,
2898738447,
2474273064,
3141186695,
1260213998,
940582354,
290079199,
3668374018,
560245874,
2130545790,
2901384221,
2359922992,
78262310,
2922771521,
2518496828,
1344623759,
149680856,
1940030767,
522930265,
1947298348,
2454602384,
287792651,
3273611278,
1675848858,
3215665271,
2845688374,
3009553600,
1408402472,
2678495023,
2759171660,
3424316108,
3714932552,
255864011,
2678753818,
966286891,
3627789856,
4247903150,
3038643160,
1403704906,
3373596907,
2720128182,
1232205266,
4126162097,
3897499234,
1004136467,
1120111451,
3333025862,
2255912296,
895462590,
1154725702,
3291525833,
2192859790,
2932722197,
3710358993,
2361575968,
3230226326,
395040868,
1062701641,
3803436941,
3221018240,
496926498,
2391458588,
1164140549,
2186470181,
3277895051,
986469038,
2721784233,
942582147,
824509736,
1353815385,
2406056995,
3391020102,
1460526055,
2773778754,
3813663620,
1453255558,
2910566431,
2416267196,
1163779556,
1932804212,
4145534565,
1377535696,
920456288,
2498912432,
3031825465,
3838090310,
4281891102,
2280250407,
1446828134,
3284517220,
1710130829,
663604395,
1339305858,
3755895250,
3359061079,
746147643,
174443028,
802269728,
913099996,
3778557202,
625397957,
3686221137,
2534884347,
3493523166,
1031851487,
1183680065,
3214893498,
2516242919,
2252908735,
508572677,
2215438488,
4084496437,
1272980698,
89218493,
1446431363,
2653165018,
3728954624,
2887386428,
28722550,
1413057090,
646993982,
2570585347,
3642467914,
1112636335,
989006928,
3964645750,
3617952050,
2839454922,
3163420996,
3388586001,
1062319697,
1412718930,
4110667130,
960771471,
1651263238,
4140245344,
1742493279,
3586797400,
2389524296,
22294280,
1033927208,
2462697984,
299156812,
3764741771,
3939273017,
2455271022,
3127922824,
614798030,
1584873579,
144176141,
2519593340,
2641850151,
3148301603,
2275816878,
3537894267,
3229014139,
102692058,
2351933425,
459637799,
205391566,
2689849746,
750201162,
763751293,
238259774,
2445995260,
267544576,
3897785839,
1057495686,
763259344,
150569150,
16314666,
326195865,
1111118063,
1364016739,
1412253074,
3078818599,
223007926,
1503583963,
2997425701,
370542453,
2336262923,
1100249201,
1210177145,
1604491852,
3034163667,
3383029736,
49338404,
3012446476,
3303428168,
981800978,
2255640810,
1821628853,
2679250716,
1224059255,
2788674803,
2392466277,
1953302518,
2525623831,
3808921192,
1975829867,
2718855120,
900240253,
1337451340,
918284198,
3062789306,
1768769244,
1871759012,
572548516,
3375230373,
3993051477,
2743671502,
4291128649,
3285403960,
2495727235,
3834274384,
1900015686,
3075291803,
866919028,
773344003,
2129573424,
1613062559,
1987437893,
4213223940,
870114092,
1545990307,
425706257,
1341299455,
4155151858,
1117230012,
798793338,
1382679227,
54233771,
2343498620,
812395164,
972044102,
2432526799,
682813935,
3096777627,
3171563320,
232876066,
225139170,
1826461449,
59273509,
708890930,
619763119,
3212662706,
1429236330,
1050799138,
654239249,
3460545375,
764818782,
879066260,
3784854093,
2169776690,
2112684488,
3880999723,
3355879456,
1537200455,
754320917,
773095485,
3770179717,
34938667,
310080629,
4165911498,
1280508128,
907253337,
3612033392,
2022339707,
3979270794,
588690034,
2964465989,
3771012474,
1389845680,
542837169,
3300874633,
1137843856,
491207602,
1149166927,
2232511147,
2540260466,
2751525382,
605437299,
882106125,
1888107124,
834920319,
1171589136,
1400317782,
1473721004,
2195985752,
1170555520,
3164584672,
790165762,
2290003918,
490128396,
1324096325,
1148341584,
2564433724,
3095919291,
668576619,
1453213568,
260063601,
3283047856,
3441348220,
609153011,
529805444,
3625716765,
563820727,
2529452669,
4180709708,
4131911936,
4222129971,
2872418739,
384903889,
2271062566,
1911915994,
3238402696,
4284904390,
4129636018,
3087849490,
1823213138,
933912912,
1972048902,
2611045291,
2293784762,
2992514811,
3023062150,
1124084482,
59036425,
614960282,
4041136672,
1212864290,
1869872752,
2130724984,
2541850516,
2343107853,
2906888217,
514957612,
1251302359,
1210933125,
1155027911,
123582688,
2416177802,
113808126,
2136148894,
3933637198,
1235530052,
858325657,
3751290565,
1707563739,
3804055634,
3802723101,
713278687,
1421993004,
530880021,
1521238353,
4037969122,
3219540332,
3259743254,
224719779,
656755456,
458242605,
477085380,
455164166,
3354462789,
2370910484,
371517135,
1400546424,
671512028,
1067730315,
959924803,
714994826,
3123513150,
1633193224,
2607345640,
1977944225,
3214865224,
876114949,
2579378730,
1928418982,
1782082067,
303937061,
3889057599,
4246288156,
102188425,
2547161658,
2964170323,
1744314326,
2840539720,
1349328601,
2794137749,
2057430778,
411143835,
104353244,
3228989265,
3426176952,
586867235,
2559370577,
319656417,
1143455603,
451176545,
3798614559,
1993526808,
1582753713,
381814183,
2591229092,
4013051954,
1023678876,
1332082725,
1037267987,
2609140442,
4070149756,
3456265488,
2137608588,
1373320135,
805518974,
3496590169,
3377074219,
3668790314,
1584092324,
1472829449,
810657802,
3238720493,
448669817,
2870529435,
1472731264,
1131292492,
2192237717,
1753392017,
1450439511,
1628627858,
527220016,
628516473,
658383002,
42884391,
3945376044,
1156514072,
4132417913,
2918767412,
1300337252,
1349361683,
858389522,
3026707700,
2021231737,
1014111379,
1408758323,
2285721188,
2636024421,
281892341,
2229417299,
1822812310,
2443628073,
55060481,
2820698468,
2456219166,
1984497435,
1210099389,
3379137284,
1306701001,
3534200846,
3133548100,
4039902747,
2470527494,
2216218374,
1624937055,
2264049931,
2176064520,
2581808223,
534590843,
2479682656,
692248519,
2819334259,
2195203769,
2456115517,
3604240666,
3794493808,
3176058480,
1594609328,
2077237826,
1656722325,
495745138,
736919838,
3132870451,
3474848048,
2668953102,
2617263182,
1318152630,
492692043,
920650830,
2236186534,
3423359332,
3687551188,
2859946805,
324315415,
3426800960,
1093827844,
557574912,
4258554392,
3880231,
1869141911,
2522463145,
657778178,
4072952113,
552489950,
3490584699,
2322380715,
1215244055,
80051782,
346664674,
2883576517,
4112269764,
314197712,
3364504758,
2785308599,
662803200,
2614680652,
683706174,
3867019606,
2032711210,
3349733366,
1393437137,
1463453353,
693500286,
2136854697,
4158075554,
2337254297,
2808053445,
2158126730,
2999049617,
3439565737,
984098259,
1850729182,
2685610348,
2355694134,
3244903583,
1137591000,
2342114201,
3153942773,
2359981164,
2689448172,
379090336,
1762180827,
2731988312,
830944384,
2650076728,
1912222208,
3363017600,
3903136823,
4155958493,
958371460,
481450899,
3775326607,
929390549,
1271998774,
1270011611,
1956980720,
103531204,
77122172,
3637142274,
4132401900,
272499084,
1512410961,
2770909269,
2898805785,
884374669,
2960976908,
3466435073,
4246252845,
2514353659,
692662297,
692876758,
857043461,
3288862912,
744436799,
3879357372,
3175534082,
1759494843,
2188877959,
2897995788,
4071560510,
958385974,
3427587221,
3130075953,
845401033,
3483290169,
4062257205,
4105743091,
2915233689,
3635170950,
2814055834,
2703455463,
2002743861,
2121943719,
882405218,
4137554387,
2916184199,
3304959196,
4023169297,
296278382,
1858127366,
1882983035,
2047886775,
3827442464,
1064446470,
2638291163,
1947301647,
4130483052,
484269317,
1101943607,
1176906418,
3652351695,
3559979674,
3450793288,
1059035134,
3419805269,
1217471440,
384388343,
2375033374,
873742220,
188505837,
2949251299,
2394256738,
3611561502,
68349292,
3612139899,
1975518316,
4278040196,
3581458976,
3248947746,
280485845,
1809120878,
3219112691,
1008703350,
780839169,
3376366196,
3674880124,
509678848,
3546508337,
363102956,
3071635879,
379720367,
2755581204,
2480389985,
3505042447,
1739141708,
2856362592,
3670898436,
483298702,
2466770969,
3346045326,
1783890594,
2720350338,
3175845740,
1085749301,
1478711058,
3764847177,
1536570366,
3302028610,
1013400633,
690300894,
3339491114,
3568272707,
1348488001,
3352510038,
3585073415,
966596771,
2754636581,
309110186,
657887734,
3551471288,
344518987,
2165279827,
754712528,
2347028820,
1191571122,
2668780392,
1731531917,
1824031160,
3258455577,
1966003,
744538371,
2114706562,
791879700,
3965654845,
67649861,
2583117436,
4214997004,
1682165100,
1495384870,
1779133352,
1055876651,
92361318,
1886574073,
3107711859,
1023293281,
3197033116,
2523500217,
2220074035,
2467664937,
4221434467,
3014334124,
1484439624,
3150824979,
4004186404,
533232888,
513340893,
845196077,
2476260544,
2126106727,
927565155,
534243512,
882299653,
3737857228,
2937798594,
2648214866,
3235499067,
1369920034,
4248589371,
39805964,
488067185,
1778287939,
3930314310,
276980800,
2566496966,
268620696,
572466777,
3974639198,
2194628854,
1262632048,
1175554896,
602836593,
3872166514,
665347396,
2682660951,
1091367710,
1169912896,
2361965390,
104227193,
123830466,
2945823167,
2708476175,
4216808058,
2149474257,
1205295313,
2703776748,
3365665182,
2547642699,
217230023,
984900364,
3395654742,
4181114994,
3338480178,
3406590103,
902483595,
1034175836,
1312383827,
2529618963,
2004091223,
1029593131,
84164273,
1053341355,
693031870,
1200593959,
1801521015,
4161646320,
406644636,
328083019,
4048779870,
485284238,
1830544623,
3773529112,
2874208954,
2466131389,
858193663,
2523911720,
2053413082,
2742824067,
1072733502,
1836183219,
2731278434,
790180462,
1288554682,
3939403261,
4011493934,
1445257801,
3644336756,
2788526680,
4075918017,
4183042191,
3777003563,
897815659,
2093355634,
4016738634,
3957502001,
1951133760,
2825786897,
1281208438,
1003947548,
2074592627,
2049225006,
2357678667,
2256788587,
1863069416,
729503270,
37927992,
3717219548,
3443490843,
3329718634,
3655582517,
2035219797,
1277479513,
3659559988,
3113645199,
749541266,
3267532630,
2946356756,
1106058275,
4015926932,
634066565,
2442148926,
412838529,
1062651055,
3477497704,
2747337370,
336622163,
57969528,
1559646385,
2348562964,
722121484,
4133893016,
3014525795,
218516139,
3441222690,
464544058,
1980865385,
1611657890,
3169329428,
4015950412,
1019619944,
3653309429,
379001789,
3745059180,
1383996060,
903787843,
780671174,
2184012733,
2200979004,
3601274444,
1325653117,
1628048880,
1469345287,
554837302,
3119147498,
2336863528,
972787701,
3766748416,
1775132267,
3176943674,
3917439305,
4024638541,
2960076911,
56626637,
1630105364,
1974681848,
3802389841,
3930531957,
3310920075,
53872992,
129118284,
190206082,
4200153486,
71137161,
2317525786,
629974157,
1137033613,
1763978078,
1806295655,
721212825,
3496002049,
1825013706,
1455521880,
2489586257,
424642957,
1610608767,
219713401,
4068464812,
1975807239,
2146548956,
2525737799,
3091467824,
1933048932,
3454743297,
1593965392,
657397842,
737340859,
3234200106,
2518486120,
1814947266,
4217663642,
150651914,
2324120862,
2181146462,
3576907793,
1263404486,
3205810213,
941749542,
1809938087,
2322416689,
1433068396,
2511784723,
1137128901,
4003636530,
3428315177,
2191487060,
2509658491,
526783321,
3851237490,
2257259858,
1495659358,
3143837892,
2568387253,
1780132264,
934133679,
82100754,
3968305831,
3475936408,
394832513,
3367527524,
882015601,
3999853897,
1718506038,
3457039536,
913098446,
3399374553,
2133822024,
3559985560,
2173969671,
2499079281,
7146776,
1016687917,
1789099404,
1664528922,
1077446449,
951196710,
2525180276,
955905914,
920575528,
2924094018,
370693666,
3471017478,
3650434220,
1099121655,
7487991,
2773172877,
2905517820,
1266575580,
4027253693,
2444166409,
3343086461,
3195170091,
1030686007,
3514851425,
3704694275,
1525362315,
1037443177,
2679187314,
3072754508,
1843319263,
4286325457,
1614438198,
46478019,
2328879827,
1557655841,
1469598194,
1917987369,
3224023793,
3525517776,
2677109063,
2235127316,
1483630400,
1035089094,
3305169181,
1954364485,
3413023116,
1951207447,
3460373792,
3654330597,
2367830484,
1523341985,
623790372,
2467507978,
1444945144,
133031584,
3487935839,
3715811342,
3631172695,
3322167526,
1484328474,
2595906380,
394427539,
264864282,
1277101042,
74305105,
1806904288,
987804387,
1025903371,
2496715836,
1769006715,
831585656,
350866453,
1678576308,
3534886623,
832545090,
46493225,
485385790,
1518631897,
2465032829,
619708452,
1549134639,
854413673,
2276312161,
65233535,
3912438596,
2963874084,
2462282802,
1020996710,
1629330911,
962062298,
2900055622